STATE,NAME,ID,,,,,,,
AK,ADAK NAS,PADK,,,,,,,
AK,AKHIOK,PAKH,,,,,,,
AK,AKUTAN,PAUT,,,,,,,`
AK,AMBLER,PAFM,,,,,,,
AK,ANAKTUVUK PASS,PAKP,,,,,,,
AK,ANCHORAGE INTL,PANC,,,,,,,
AK,ANCHORAGE/LAKE H,PALH,,,,,,,
AK,ANCHORAGE/MERRIL,PAMR,,,,,,,
AK,ANGOON SEAPLANE,PAGN,,,,,,,
AK,ANIAK,PANI,,,,,,,
AK,ANNETTE ISLAND,PANT,,,,,,,
AK,ANVIK,PANV,,,,,,,
AK,ARCTIC VILLAGE,PARC,,,,,,,
AK,ATKA,PAAK,,,,,,,
AK,ATQASUK BURNELL,PATQ,,,,,,,
AK,BARTER ISLAND,PABA,,,,,,,
AK,BETHEL,PABE,,,,,,,
AK,BETTLES,PABT,,,,,,,
AK,BIG RIVER LAKES,PALV,,,,,,,
AK,BIRCHWOOD,PABV,,,,,,,
AK,BREVIG MISSION,PFKT,,,,,,,
AK,BRYANT ARMY AF,PAFR,,,,,,,
AK,BUCKLAND,PABL,,,,,,,
AK,CANTWELL,PATW,,,,,,,
AK,CAPE LISBURNE,PALU,,,,,,,
AK,CAPE NEWENHAM,PAEH,,,,,,,
AK,CAPE ROMANZOF,PACZ,,,,,,,
AK,CENTRAL,PACE,,,,,,,
AK,CENTRAL,PARL,,,,,,,
AK,CHANDALAR LAKE,PALR,,,,,,,
AK,CHEVAK,PAVA,,,,,,,
AK,CHIGNIK BAY,PAJC,,,,,,,
AK,CHULITNA,PAEC,,,,,,,
AK,CIRCLE/PAFC RFC,PACR,,,,,,,
AK,CLARKS POINT,PFCL,,,,,,,
AK,COLD BAY,PACD,,,,,,,
AK,CORDOVA,PACV,,,,,,,
AK,DEADHORSE,PASC,,,,,,,
AK,DEERING,PADE,,,,,,,
AK,DELTA JUNCTION,PABI,,,,,,,
AK,DILLINGHAM,PADL,,,,,,,
AK,DUTCH HARBOR,PADU,,,,,,,
AK,EAGLE,PAEG,,,,,,,
AK,EARECKSON/SHEMYA,PASY,,,,,,,
AK,EGEGIK,PAII,,,,,,,
AK,EIELSON AFB,PAEI,,,,,,,
AK,ELFIN COVE,PAEL,,,,,,,
AK,ELIM APRT,PFEL,,,,,,,
AK,ELMENDORF AFB,PAED,,,,,,,
AK,EMMONAK,PAEM,,,,,,,
AK,EUREKA,PAZK,,,,,,,
AK,FAIRBANKS,PAFA,,,,,,,
AK,FALSE PASS,PAKF,,,,,,,
AK,FAREWELL LAKE,PAFK,,,,,,,
AK,FORT WAINWRIGHT,PAFB,,,,,,,
AK,FORT YUKON,PFYU,,,,,,,
AK,FUNTER BAY,PAFN,,,,,,,
AK,GALBRAITH LAKE,PAGB,,,,,,,
AK,GALENA,PAGA,,,,,,,
AK,GAMBELL,PAGM,,,,,,,
AK,GOLOVIN,PAGL,,,,,,,
AK,GULKANA,PAGK,,,,,,,
AK,GUSTAVUS,PAGS,,,,,,,
AK,HAINES,PAHN,,,,,,,
AK,HAYES RIVER,PAHZ,,,,,,,
AK,HEALY,PAHV,,,,,,,
AK,HOLY CROSS,PAHC,,,,,,,
AK,HOMER,PAHO,,,,,,,
AK,HOONAH,PAOH,,,,,,,
AK,HOOPER BAY,PAHP,,,,,,,
AK,HUSLIA,PAHL,,,,,,,
AK,HUSLIA,PAHS,,,,,,,
AK,HYDABURG,PAHY,,,,,,,
AK,IGIUGIG,PAIG,,,,,,,
AK,ILIAMNA,PAIL,,,,,,,
AK,INDIAN MOUNTAIN,PAIM,,,,,,,
AK,JUNEAU,PAJN,,,,,,,
AK,KAKE,PAFE,,,,,,,
AK,KALSKAG,PALG,,,,,,,
AK,KALTAG,PAKV,,,,,,,
AK,KENAI,PAEN,,,,,,,
AK,KETCHIKAN,PAKT,,,,,,,
AK,KIANA,PAIK,,,,,,,
AK,KING COVE,PAVC,,,,,,,
AK,KING SALMON,PAKN,,,,,,,
AK,KIPNUK,PAKI,,,,,,,
AK,KIVALINA,PAVL,,,,,,,
AK,KLAWOCK,PAKW,,,,,,,
AK,KODIAK,PADQ,,,,,,,
AK,KOLIGANEK,PAJZ,,,,,,,
AK,KOTZEBUE,PAOT,,,,,,,
AK,KOYUK,PAKK,,,,,,,
AK,KUPARUK,PAKU,,,,,,,
AK,KWETHLUK,PFKW,,,,,,,
AK,MANLEY HOT SPRIN,PAML,,,,,,,
AK,MANOKOTAK,PAMB,,,,,,,
AK,MARSHALL,PADM,,,,,,,
AK,MCCARTHY,PAMX,,,,,,,
AK,MCGRATH,PAMC,,,,,,,
AK,MCKINLEY PARK,PAIN,,,,,,,
AK,MEKORYUK,PAMY,,,,,,,
AK,METLAKATLA,PAMM,,,,,,,
AK,MIDDLETON ISLAND,PAMD,,,,,,,
AK,MINCHUMINA,PAMH,,,,,,,
AK,MOUNTAIN VILLAGE,PAMO,,,,,,,
AK,NABESNA,PABN,,,,,,,
AK,NAPAKIAK,PANA,,,,,,,
AK,NELSON LAGOON,PAOU,,,,,,,
AK,NENANA,PANN,,,,,,,
AK,NEW STUYAHOK,PANW,,,,,,,
AK,NIKOLAI,PAFS,,,,,,,
AK,NOATAK,PAWN,,,,,,,
AK,NOME,PAOM,,,,,,,
AK,NOORVIK,PFNO,,,,,,,
AK,NORTHWAY,PAOR,,,,,,,
AK,NUIQSUT,PAQT,,,,,,,
AK,NUIQSUT,PPNU,,,,,,,
AK,NUIQSUT VILLAGE,PALP,,,,,,,
AK,NUNAPITCHUK,PPIT,,,,,,,
AK,OLIKTOK POINT,POLI,,,,,,,
AK,OOOGURUK ISLAND,PFNU,,,,,,,
AK,PALMER,PAAQ,,,,,,,
AK,PAXSON,PAXK,,,,,,,
AK,PETERSBURG,PAPG,,,,,,,
AK,PILOT POINT,PAPN,,,,,,,
AK,PLATINUM,PAPM,,,,,,,
AK,POINT HOPE,PAPO,,,,,,,
AK,POINT LAY,PPIZ,,,,,,,
AK,POINT THOMPSON,PAAD,,,,,,,
AK,PORTAGE GLACIER,PATO,,,,,,,
AK,PORT ALEXANDER,PAAP,,,,,,,
AK,PORT ALSWORTH,PALJ,,,,,,,
AK,PORT CLARENCE,PAPC,,,,,,,
AK,PORT HEIDEN,PAPH,,,,,,,
AK,PROSPECT CREEK,PAPR,,,,,,,
AK,PRUDHOE BAY,PAUD,,,,,,,
AK,PUNTILLA LAKE,PAPT,,,,,,,
AK,QUINHAGAK,PAQH,,,,,,,
AK,REG DOG,PADG,,,,,,,
AK,REG DOG,PARD,,,,,,,
AK,RUBY,PARY,,,,,,,
AK,RUSSIAN MISSION,PARS,,,,,,,
AK,SAINT MARYS,PASM,,,,,,,
AK,SAND POINT,PASD,,,,,,,
AK,SAVOONGA,PASA,,,,,,,
AK,SCAMMON BAY,PACM,,,,,,,
AK,SELAWIK,PASK,,,,,,,
AK,SELDOVIA,PASO,,,,,,,
AK,SEWARD,PAWD,,,,,,,
AK,SHAGELUK,PAHX,,,,,,,
AK,SHAKTOOLIK,PFSH,,,,,,,
AK,SHISHMAREF,PASH,,,,,,,
AK,SHUNGNAK,PAGH,,,,,,,
AK,SITKA,PASI,,,,,,,
AK,SKAGWAY,PAGY,,,,,,,
AK,SKWENTNA,PASW,,,,,,,
AK,SLANA,PADT,,,,,,,
AK,SLEETMUTE,PASL,,,,,,,
AK,SNOWSHOE LAKE,PALK,,,,,,,
AK,SOLDOTNA,PASX,,,,,,,
AK,SOUTH NAKNEK,PFWS,,,,,,,
AK,SPARREVOHN,PASV,,,,,,,
AK,ST GEORGE,PAPB,,,,,,,
AK,ST MICHAEL,PAMK,,,,,,,
AK,STONY RIVER LAND,PAER,,,,,,,
AK,ST PAUL ISLAND,PASN,,,,,,,
AK,SUTTON,PAJV,,,,,,,
AK,TAHNETNA PASS LO,PASP,,,,,,,
AK,TALKEETNA,PATK,,,,,,,
AK,TANANA,PATA,,,,,,,
AK,TATALINA AFS,PATL,,,,,,,
AK,TELLER,PATE,,,,,,,
AK,TIN CITY AFS,PATC,,,,,,,
AK,TOGIAK,PATG,,,,,,,
AK,TOKSOOK BAY,PAOO,,,,,,,
AK,UMIAT,PAUM,,,,,,,
AK,UNALAKLEET,PAUN,,,,,,,
AK,UTQIAGVIK,PABR,,,,,,,
AK,VALDEZ,PAVD,,,,,,,
AK,VALDEZ WSO,PAVW,,,,,,,
AK,WAINWRIGHT,PAWI,,,,,,,
AK,WALES,PAIW,,,,,,,
AK,WASILLA,PAWS,,,,,,,
AK,WHITE MOUNTAIN,PAWM,,,,,,,
AK,WHITTIER,PAWR,,,,,,,
AK,WILLOW,PAUO,,,,,,,
AK,WOLVERINE ROAD,PAIZ,,,,,,,
AK,WRANGELL,PAWG,,,,,,,
AK,YAKUTAT,PAYA,,,,,,,
AL,ALABASTER,KEET,,,,,,,
AL,ALBERTVILLE MUNI,K8A0,,,,,,,
AL,ALEXANDER/RUSSEL,KALX,,,,,,,
AL,ANDALUSIA/OPP AR,K79J,,,,,,,
AL,ANNISTON,KANB,,,,,,,
AL,AUBURN OPELIKA A,KAUO,,,,,,,
AL,AUBURN UNIV. (AM,KAUB,,,,,,,
AL,BESSEMER,KEKY,,,,,,,
AL,BIRMINGHAM,KBHM,,,,,,,
AL,CENTREVILLE WSM,K0A8,,,,,,,
AL,COURTLAND,K9A4,,,,,,,
AL,CULLMAN/FOLSOM F,K3A1,,,,,,,
AL,CULLMAN/FOLSOM F,KCMD,,,,,,,
AL,DECATUR,KDCU,,,,,,,
AL,DEMOPOLIS,KDYA,,,,,,,
AL,DOTHAN,KDHN,,,,,,,
AL,ENTERPRISE,KEDN,,,,,,,
AL,EUFAULA,KEUF,,,,,,,
AL,EVERGREEN,KGZH,,,,,,,
AL,FAIRHOPE,KCQF,,,,,,,
AL,FLORALA MUNI,K0J4,,,,,,,
AL,FT PAYNE/ISBELL,K4A9,,,,,,,
AL,FT RUCKER/HANCHE,KHEY,,,,,,,
AL,FT RUCKER/SHELL,KSXS,,,,,,,
AL,GADSDEN MUNI,KGAD,,,,,,,
AL,GREENVILLE,KPRN,,,,,,,
AL,GULF SHORES,KJKA,,,,,,,
AL,HALEYVILLE,K1M4,,,,,,,
AL,HUNTSVILLE,KHSV,,,,,,,
AL,HUNTSVILLE/MADIS,KMDQ,,,,,,,
AL,JASPER/WALKER,KJFX,,,,,,,
AL,LOWE AHP/FT. RUC,KLOR,,,,,,,
AL,MARION,KA08,,,,,,,
AL,MAXWELL AFB/MGM,KMXF,,,,,,,
AL,MOBILE/BATES,KMOB,,,,,,,
AL,MOBILE/BROOKLEY,KBFM,,,,,,,
AL,MONTGOMERY,KMGM,,,,,,,
AL,MUSCLE SHOAL,KMSL,,,,,,,
AL,OZARK/CAIRNS AAF,KOZR,,,,,,,
AL,PELL CITY,KPLR,,,,,,,
AL,PHI OIL PLAT,KRAM,,,,,,,
AL,PRATTVILLE,K1A9,,,,,,,
AL,REDSTONE ARSENAL,KHUA,,,,,,,
AL,SCOTTSBORO,K4A6,,,,,,,
AL,SELMA/CRAIG FLD,KSEM,,,,,,,
AL,SYLACAUGA,KSCD,,,,,,,
AL,TALLADEGA,KASN,,,,,,,
AL,TROY,KTOI,,,,,,,
AL,TUSCALOOSA,KTCL,,,,,,,
AL,VIOSCA KNOLL768,KVOA,,,,,,,
AR,ARKADELPHIA,KADF,,,,,,,
AR,BATESVILLE,KBVX,,,,,,,
AR,BENTON,KSUZ,,,,,,,
AR,BENTONVILLE,KH00,,,,,,,
AR,BENTONVILLE,KVBT,,,,,,,
AR,BENTONVILLE (NW),KXNA,,,,,,,
AR,BLYTHEVILLE,KBYH,,,,,,,
AR,BLYTHEVILLE,KHKA,,,,,,,
AR,CAMDEN,KCDH,,,,,,,
AR,CANTRELL,KCXW,,,,,,,
AR,CLINTON MUNI,KCCA,,,,,,,
AR,COLDWATER,K3K8,,,,,,,
AR,CORNING,K4M9,,,,,,,
AR,DE QUEEN,KDEQ,,,,,,,
AR,EL DORADO,KELD,,,,,,,
AR,FAYETTEVILLE,KFYV,,,,,,,
AR,FLIPPIN (AWOS),KFLP,,,,,,,
AR,FORT SMITH,KFSM,,,,,,,
AR,HARRISON,KHRO,,,,,,,
AR,HOT SPRINGS,KHOT,,,,,,,
AR,JONESBORO,KJBR,,,,,,,
AR,LITTLE ROCK AFB,KLRF,,,,,,,
AR,LITTLE ROCK,KLIT,,,,,,,
AR,MENA INTERMTN,KMEZ,,,,,,,
AR,MONTICELLO,KLLQ,,,,,,,
AR,MOUNTAIN HOME,KBPK,,,,,,,
AR,MOUNT IDA,KMWT,,,,,,,
AR,NEWPORT,KM19,,,,,,,
AR,N LITTLE ROCK,KORK,,,,,,,
AR,N. LITTLE ROCK,KLZK,,,,,,,
AR,PINE BLUFF/GRIDR,KPBF,,,,,,,
AR,ROGERS,KROG,,,,,,,
AR,RUSSELLVILLE,KRUE,,,,,,,
AR,SEARCY,KSRC,,,,,,,
AR,SILOAM SPRING,KSLG,,,,,,,
AR,SPRINGDALE MUNI,KASG,,,,,,,
AR,STUTTGART,KSGT,,,,,,,
AR,TEXARKANA,KTXK,,,,,,,
AR,WALNUT RIDGE,KARG,,,,,,,
AR,W MEMPHIS MUNI,KAWM,,,,,,,
AZ,PHOENIX/SKY HRBR,KPHX,,,,,,,
AZ,TUCSON,KTUS,,,,,,,
AZ,AK-CHIN,KA39,,,,,,,
AZ,BUCKEYE,KBXK,,,,,,,
AZ,BULLHEAD CITY,KIFP,,,,,,,
AZ,CASA GRANDA,KCGZ,,,,,,,
AZ,CHANDLER/MESA,KIWA,,,,,,,
AZ,CHANDLER,KCHD,,,,,,,
AZ,COLORADO CITY,KAZC,,,,,,,
AZ,COOLIDGE MUNI,KP08,,,,,,,
AZ,DAVIS/TUCSON,KDMA,,,,,,,
AZ,DOUGLAS BISBEE,KDUG,,,,,,,
AZ,FLAGSTAFF,KFLG,,,,,,,
AZ,FORT HUACHUCA,KFHU,,,,,,,
AZ,GILA BEND (AAF),KGXF,,,,,,,
AZ,GLENDALE,KGEU,,,,,,,
AZ,LAGUNA (AAF),KLGF,,,,,,,
AZ,LUKE AFB/GLENDAL,KLUF,,,,,,,
AZ,GOODYEAR MUNICIP,KGYR,,,,,,,
AZ,GRAND CANYON,KGCN,,,,,,,
AZ,GRAND CANYON/VAL,K40G,,,,,,,
AZ,KINGMAN,KIGM,,,,,,,
AZ,LAKE HAVASU CITY,KHII,,,,,,,
AZ,MESA/FALCON FLD,KFFZ,,,,,,,
AZ,NOGALES,KOLS,,,,,,,
AZ,PAGE,KPGA,,,,,,,
AZ,PAYSON,KPAN,,,,,,,
AZ,PHOENIX/DEER VLY,KDVT,,,,,,,
AZ,PIONEER AIRFIELD,KALK,,,,,,,
AZ,PRESCOTT,KPRC,,,,,,,
AZ,SAFFORD,KSAD,,,,,,,
AZ,SCOTTSDALE,KSDL,,,,,,,
AZ,SEDONA,KSEZ,,,,,,,
AZ,SHOW LOW MUNICIP,KSOW,,,,,,,
AZ,SPRINGERVILLE,KJTC,,,,,,,
AZ,ST. JOHNS,KSJN,,,,,,,
AZ,TAYLOR,KTYL,,,,,,,
AZ,TUCSON/MARANA,KAVQ,,,,,,,
AZ,TUCSON/RYAN FLD,KRYN,,,,,,,
AZ,WILLIAMS CLARK,KCMR,,,,,,,
AZ,WINDOW ROCK,KRQE,,,,,,,
AZ,WINSLOW,KINW,,,,,,,
AZ,YUMA INTL,KYUM,,,,,,,
AZ,YUMA AUX,KNOZ,,,,,,,
AZ,YUMA MCAS,KNYL,,,,,,,
CA,ALAMEDA NAS,KNGZ,,,,,,,
CA,ALTURAS,KAAT,,,,,,,
CA,APPLE VALLEY,KAPV,,,,,,,
CA,ARCATA/EUREKA,KACV,,,,,,,
CA,AUBURN MUNI,KAUN,,,,,,,
CA,AVALON,KAVX,,,,,,,
CA,BAKERSFIELD,KBFL,,,,,,,
CA,BEALE AFB/MARYSV,KBAB,,,,,,,
CA,BEAUMONT,KBUO,,,,,,,
CA,BICYCLE LAKE,KBYS,,,,,,,
CA,BIG BEAR CITY,KL35,,,,,,,
CA,BISHOP,KBIH,,,,,,,
CA,BLYTHE,KBLH,,,,,,,
CA,BORREGO SPRINGS,KL08,,,,,,,
CA,BRIDGEPORT,KO57,,,,,,,
CA,BRIDGEPORT(MCMWT,KBAN,,,,,,,
CA,BURBANK,KBUR,,,,,,,
CA,BURNEY,KBNY,,,,,,,
CA,BYRON,KC83,,,,,,,
CA,CALEXICO INTL,KCXL,,,,,,,
CA,CAMARILLO,KCMA,,,,,,,
CA,CAMPO,KCZZ,,,,,,,
CA,CAMP PENDLETON,KNFG,,,,,,,
CA,CARLSBAD,KCRQ,,,,,,,
CA,CEDARVILLE,KO59,,,,,,,
CA,CHICO MUNICIPAL,KCIC,,,,,,,
CA,CHINA LAKE (NAF),KNID,,,,,,,
CA,CHINO,KCNO,,,,,,,
CA,COLUMBIA,KO22,,,,,,,
CA,CONCORD,KCCR,,,,,,,
CA,CORONA MUNI,KAJO,,,,,,,
CA,COSTA MESA,KSNA,,,,,,,
CA,CRESCENT CITY,KCEC,,,,,,,
CA,DAGGETT,KDAG,,,,,,,
CA,DAVIS YOLO CNTY,KDWA,,,,,,,
CA,DAVIS,KEDU,,,,,,,
CA,DELANO,KDLO,,,,,,,
CA,EDWARDS AFB,KEDW,,,,,,,
CA,EDWARDS N-AUX,K9L2,,,,,,,
CA,EL CENTRO NAF,KNJK,,,,,,,
CA,EL MONTE,KEMT,,,,,,,
CA,EMIGRANT GAP,KBLU,,,,,,,
CA,EUREKA/MURRAY,KEKA,,,,,,,
CA,FALLBROOK AIRPAR,KL18,,,,,,,
CA,FORTUNA,KFOT,,,,,,,
CA,FRESNO CHANDLER,KFCH,,,,,,,
CA,FRESNO,KFAT,,,,,,,
CA,FULLERTON,KFUL,,,,,,,
CA,GRASS VALLEY,KGOO,,,,,,,
CA,HALF MOON BAY,KHAF,,,,,,,
CA,HANFORD,KHJO,,,,,,,
CA,HANFORD,KO18,,,,,,,
CA,HAWTHORNE,KHHR,,,,,,,
CA,HAYWARD,KHWD,,,,,,,
CA,HEALDSBURG,KHES,,,,,,,
CA,HEMET,KHMT,,,,,,,
CA,HOLLISTER MUNI,KCVH,,,,,,,
CA,HUNTER LIGGET,KHGT,,,,,,,
CA,IMPERIAL BEACH,KNRS,,,,,,,
CA,IMPERIAL,KIPL,,,,,,,
CA,INYOKERN,KIYK,,,,,,,
CA,JACKSON,KJAQ,,,,,,,
CA,LANCASTER/FOX,KWJF,,,,,,,
CA,LA VERNE/BRACKET,KPOC,,,,,,,
CA,LA / WHITEMAN,KWHP,,,,,,,
CA,LEMOORE NAS/REEV,KNLC,,,,,,,
CA,LINCOLN,KLHM,,,,,,,
CA,LITTLE RIVER,KLLR,,,,,,,
CA,LIVERMORE,KLVK,,,,,,,
CA,LOMPOC,KLPC,,,,,,,
CA,LONG BEACH,KLGB,,,,,,,
CA,LOS ALAMITOS AAF,KSLI,,,,,,,
CA,LOS ANGELES,KCQT,,,,,,,
CA,LOS ANGELES,KLAX,,,,,,,
CA,MADERA,KMAE,,,,,,,
CA,MAMMOTH/JUNE LAK,KMMH,,,,,,,
CA,MARYSVILLE,KMYV,,,,,,,
CA,MATHER FIELD,KMHR,,,,,,,
CA,MCCLELLAN AFB,KMCC,,,,,,,
CA,MERCED/CASTLE AF,KMER,,,,,,,
CA,MERCED,KMCE,,,,,,,
CA,MIRAMAR NAS/SAN,KNKX,,,,,,,
CA,MODESTO,KMOD,,,,,,,
CA,MOFFETT NAS/MTN,KNUQ,,,,,,,
CA,MOJAVE,KMHV,,,,,,,
CA,MONTAGUE/SISKIYO,KSIY,,,,,,,
CA,MONTEREY,KMRY,,,,,,,
CA,MOUNT SHASTA,KMHS,,,,,,,
CA,MOUNT WILSON,KMWS,,,,,,,
CA,MURRIETA/TEMECUL,KF70,,,,,,,
CA,NAPA,KAPC,,,,,,,
CA,NEEDLES,KEED,,,,,,,
CA,NEWHALL,K3A6,,,,,,,
CA,NORTH ISLAND NAS,KNZY,,,,,,,
CA,NOVATO/GNOSS FLD,KDVO,,,,,,,
CA,OAKLAND,KOAK,,,,,,,
CA,OCEANO CNTY,KL52,,,,,,,
CA,OCEANSIDE,KOKB,,,,,,,
CA,OCEANSIDE/RED-B,KNXF,,,,,,,
CA,ONTARIO,KONT,,,,,,,
CA,OROVILLE,KOVE,,,,,,,
CA,OXNARD,KOXR,,,,,,,
CA,PALMDALE,KGXA,,,,,,,
CA,PALMDALE,KPMD,,,,,,,
CA,PALM SPRINGS,KPSP,,,,,,,
CA,PALO ALTO,KPAO,,,,,,,
CA,PASO ROBLES,KPRB,,,,,,,
CA,PETALUMA,KO69,,,,,,,
CA,PLACERVILLE,KPVF,,,,,,,
CA,POINT MUGU NAS,KNTD,,,,,,,
CA,PORTERVILLE,KPTV,,,,,,,
CA,PT. PIEDRAS BLAN,K87Q,,,,,,,
CA,RAMONA,KRNM,,,,,,,
CA,RED BLUFF,KRBL,,,,,,,
CA,REDDING,KRDD,,,,,,,
CA,REDLANDS,KREI,,,,,,,
CA,REEDLEY,KO32,,,,,,,
CA,RIO VISTA,KO88,,,,,,,
CA,RIVERSIDE,KRAL,,,,,,,
CA,RIVERSIDE/MARCH,KRIV,,,,,,,
CA,SACRAMENTO,KSAC,,,,,,,
CA,SACRAMENTO/METRO,KSMF,,,,,,,
CA,SALINAS,KSNS,,,,,,,
CA,SAN ANDREAS,KCPU,,,,,,,
CA,SAN BERNARDINO,KSBD,,,,,,,
CA,SAN CARLOS AIRPO,KSQL,,,,,,,
CA,SAN CLEMENTE IS.,KNUC,,,,,,,
CA,SANDBERG,KSDB,,,,,,,
CA,SAN DIEGO/BROWN,KSDM,,,,,,,
CA,SAN DIEGO,KSAN,,,,,,,
CA,SAN DIEGO/MNTGMY,KMYF,,,,,,,
CA,SAN DIEGO/SANTEE,KSEE,,,,,,,
CA,SAN FRANCISCO,KSFO,,,,,,,
CA,SAN JOSE,KSJC,,,,,,,
CA,SAN JOSE/REID,KRHV,,,,,,,
CA,SAN LUIS OBISPO,KSBP,,,,,,,
CA,SAN MARTIN,KE16,,,,,,,
CA,SAN NICOLAS ISLA,KNSI,,,,,,,
CA,SANTA BARBARA,KSBA,,,,,,,
CA,SANTA MARIA,KSMX,,,,,,,
CA,SANTA MONICA,KSMO,,,,,,,
CA,SANTA ROSA,KSTS,,,,,,,
CA,SANTA YNEZ,KIZA,,,,,,,
CA,SHELTER COVE,KO87,,,,,,,
CA,SOUTH LAKE TAHOE,KTVL,,,,,,,
CA,STOCKTON,KSCK,,,,,,,
CA,SUSANVILLE MUNI,KSVE,,,,,,,
CA,TEHACHAPI,KTSP,,,,,,,
CA,THERMAL/PALM SPG,KTRM,,,,,,,
CA,TORRANCE MUNICIP,KTOA,,,,,,,
CA,TRACY,KTCY,,,,,,,
CA,TRAVIS AFB/FAIRF,KSUU,,,,,,,
CA,TRINITY CENTER,KO86,,,,,,,
CA,TRUCKEE TAHOE,KTRK,,,,,,,
CA,TWENTYNINE PALMS,KNXP,,,,,,,
CA,UKIAH,KUKI,,,,,,,
CA,UPLAND,KCCB,,,,,,,
CA,VACAVILLE,KVCB,,,,,,,
CA,VANDENBERG AFB,KVBG,,,,,,,
CA,VANDENBERG RANGE,KXVW,,,,,,,
CA,VAN NUYS,KVNY,,,,,,,
CA,VICTORVILLE,KVCV,,,,,,,
CA,VISALIA MUNI,KVIS,,,,,,,
CA,WATSONVILLE,KWVI,,,,,,,
CA,WEAVERVILLE,KO54,,,,,,,
CO,AKRON,KAKO,,,,,,,
CO,ALAMOSA,KALS,,,,,,,
CO,ASPEN,KASE,,,,,,,
CO,BALD MOUNTAIN,K7BM,,,,,,,
CO,BERTHOUD PASS,K0CO,,,,,,,
CO,BOULDER MUNI,KBDU,,,,,,,
CO,BROOMFIELD/JEFFC,KBJC,,,,,,,
CO,BUCKLEY ANGB/DEN,KBKF,,,,,,,
CO,BUENA VISTA,KAEJ,,,,,,,
CO,BURLINGTON,KITR,,,,,,,
CO,CANON CITY,K1V6,,,,,,,
CO,CHEYENNE MOUNTAI,KCWN,,,,,,,
CO,COLORADO SPRINGS,KCOS,,,,,,,
CO,CORONA PASS,KCRV,,,,,,,
CO,CORTEZ,KCEZ,,,,,,,
CO,CO SPNGS MEADOW,KFLY,,,,,,,
CO,CRAIG,KCAG,,,,,,,
CO,DAKOTA HILL,KC99,,,,,,,
CO,DEL NORTE,KRCV,,,,,,,
CO,DELTA/BLAKE FLD,KAJZ,,,,,,,
CO,DENVER AIR SPACE,KCFO,,,,,,,
CO,DENVER/ARAPAHOE,KAPA,,,,,,,
CO,DENVER (DIA),KDEN,,,,,,,
CO,DENVER F. RANGE,KFTG,,,,,,,
CO,DURANGO,KDRO,,,,,,,
CO,EAGLE CO. REGION,KEGE,,,,,,,
CO,ELLICOTT-B AFA,KABH,,,,,,,
CO,ERIE MUNI,KEIK,,,,,,,
CO,FLAGLER,KFLA,,,,,,,
CO,FORT CARSON,KFCS,,,,,,,
CO,FORT MORGAN,KFMM,,,,,,,
CO,FT COLLINS/LOVEL,KFNL,,,,,,,
CO,GRANBY/GRAND CO,KGNB,,,,,,,
CO,GRAND JUNCTION,KGJT,,,,,,,
CO,GREELEY/WELD,KGXY,,,,,,,
CO,GUNNISON,KGUC,,,,,,,
CO,HAYDEN/YAMPA,KHDN,,,,,,,
CO,HOLYOKE,KHEQ,,,,,,,
CO,JULIET MADIS,K1JW,,,,,,,
CO,KIRK,K72C,,,,,,,
CO,KREMMLING AWOS,K20V,,,,,,,
CO,LA JUNTA,KLHX,,,,,,,
CO,LAMAR,KLAA,,,,,,,
CO,LA VETA PASS,KVTP,,,,,,,
CO,LEADVILLE,KLXV,,,,,,,
CO,LIMA MADIS,K1LW,,,,,,,
CO,LIMON,KLIC,,,,,,,
CO,LONGMONT/VBRAND,KLMO,,,,,,,
CO,MEEKER,KEEO,,,,,,,
CO,MIKE MADIS,K1MW,,,,,,,
CO,MONARCH PASS,KMYP,,,,,,,
CO,MONTROSE,KMTJ,,,,,,,
CO,MONUMENT/ELBERT,KMNH,,,,,,,
CO,MT WERNER SBS,K3MW,,,,,,,
CO,NOVEMBER MADIS,K1NW,,,,,,,
CO,NUCLA/HOPKINS F,KAIB,,,,,,,
CO,OSCAR MADIS,K1OW,,,,,,,
CO,PAGOSA SPRINGS,KPSO,,,,,,,
CO,PUEBLO,KPUB,,,,,,,
CO,RANGELY,K4V0,,,,,,,
CO,RED CLIFF PASS,KCCU,,,,,,,
CO,RIFLE,KRIL,,,,,,,
CO,SAGUACHE MUNI,K04V,,,,,,,
CO,SALIDA,KANK,,,,,,,
CO,SCHRIEVER AFB,KSHM,,,,,,,
CO,SPRINGFIELD,KSPD,,,,,,,
CO,STEAMBOAT SPRING,KSBS,,,,,,,
CO,STERLING,KSTK,,,,,,,
CO,STRATTON,KSTR,,,,,,,
CO,SUNLIGHT,K5SM,,,,,,,
CO,TELLURIDE REGION,KTEX,,,,,,,
CO,TRINIDAD/ANIMAS,KTAD,,,,,,,
CO,USAF ACADEMY/COS,KAFF,,,,,,,
CO,WALDEN,K33V,,,,,,,
CO,WALTON PEAK,KC07,,,,,,,
CO,WILKERSON PASS,K4BM,,,,,,,
CO,WOLF CREEK PASS,KCPW,,,,,,,
CO,WRAY,K2V5,,,,,,,
CO,YUMA,K2V6,,,,,,,
CT,BRIDGEPORT,KBDR,,,,,,,
CT,CHESTER,KSNC,,,,,,,
CT,DANBURY,KDXR,,,,,,,
CT,GROTON/NEW LONDO,KGON,,,,,,,
CT,HARTFORD/BRAINAR,KHFD,,,,,,,
CT,MERIDEN,KMMK,,,,,,,
CT,NEW HAVEN/TWEED,KHVN,,,,,,,
CT,OXFORD/WATERBURY,KOXC,,,,,,,
CT,WILLIMANTIC,KIJD,,,,,,,
CT,WINDSOR LOCKS,KBDL,,,,,,,
DE,DOVER AFB,KDOV,,,,,,,
DE,DOVER/CHESWOLD,K33N,,,,,,,
DE,GEORGETOWN,KGED,,,,,,,
DE,WILMINGTON,KILG,,,,,,,
FL,APALACHICOLA,KAAF,,,,,,,
FL,BARTOW MUNICIPAL,KBOW,,,,,,,
FL,BOCA RATON,KBCT,,,,,,,
FL,BONIFAY TRI-CTY,K1J0,,,,,,,
FL,BROOKSVILLE,KBKV,,,,,,,
FL,CAPE CANAVERAL,KXMR,,,,,,,
FL,CECIL FIELD NAS,KNZC,,,,,,,
FL,CLEARWATER,KCLW,,,,,,,
FL,CLEWISTOWN,K2IS,,,,,,,
FL,CRESTVIEW,KCEW,,,,,,,
FL,CROSS CITY,KCTY,,,,,,,
FL,CRYSTAL RIVER,KCGC,,,,,,,
FL,DAYTONA BEACH,KDAB,,,,,,,
FL,DE FUNIAK SPRNGS,K54J,,,,,,,
FL,DELAND,KDED,,,,,,,
FL,DESTIN,KDTS,,,,,,,
FL,DUKE FLD/EGLIN,KEGI,,,,,,,
FL,EGLIN AFB/VALPAR,KVPS,,,,,,,
FL,EVERGLADES CITY,KEGC,,,,,,,
FL,FERNANDINA BEACH,KFHB,,,,,,,
FL,FLAGLER CNTY,KFIN,,,,,,,
FL,FLAMINGO/MONROE,KFLM,,,,,,,
FL,FORT MYERS,KFMY,,,,,,,
FL,FORT MYERS,KRSW,,,,,,,
FL,FORT PIERCE,KFPR,,,,,,,
FL,FT LAUDERD/EXEC,KFXE,,,,,,,
FL,FT LAUDERD/HOLLY,KFLL,,,,,,,
FL,GAINESVILLE,KGNV,,,,,,,
FL,HOLLYWOOD,KHWO,,,,,,,
FL,HOMESTEAD AFB,KHST,,,,,,,
FL,HURLBURT FIELD,KHRT,,,,,,,
FL,IMMOKALEE,KIMM,,,,,,,
FL,INVERNESS,KINF,,,,,,,
FL,JACKSONVIL/CECIL,KVQQ,,,,,,,
FL,JACKSONVIL/CRAIG,KCRG,,,,,,,
FL,JACKSONVIL/HERLO,KHEG,,,,,,,
FL,JACKSONVILLE,KJAX,,,,,,,
FL,JACKSONVILLE NAS,KNIP,,,,,,,
FL,JACKSONVIL/NAVAL,KNEN,,,,,,,
FL,KEYSTONE HEIGHTS,K42J,,,,,,,
FL,KEY WEST,KEYW,,,,,,,
FL,KEY WEST NAS,KNQX,,,,,,,
FL,KISSIMMEE/ORLAND,KISM,,,,,,,
FL,LA BELLE,KX14,,,,,,,
FL,LAKE CITY,KLCQ,,,,,,,
FL,LAKELAND REGIONA,KLAL,,,,,,,
FL,LAKE WALES,KX07,,,,,,,
FL,LANTANA/PALM BEA,KLNA,,,,,,,
FL,LEESBURG,KLEE,,,,,,,
FL,LIVE OAK/SUWANNE,K24J,,,,,,,
FL,MACDILL AFB/TAMP,KMCF,,,,,,,
FL,MARATHON,KMTH,,,,,,,
FL,MARCO ISLAND,KMKY,,,,,,,
FL,MARIANNA,KMAI,,,,,,,
FL,MAYPORT NAS,KNRB,,,,,,,
FL,MELBOURNE,KMLB,,,,,,,
FL,MERRITT ISLAND,KCOI,,,,,,,
FL,MIAMI BEACH,KMBF,,,,,,,
FL,MIAMI/EXECUTIVE,KTMB,,,,,,,
FL,MIAMI,KMIA,,,,,,,
FL,MIAMI/OPA LOCKA,KOPF,,,,,,,
FL,MILTON/WHITING S,KNDZ,,,,,,,
FL,NAPLES MUNICIPAL,KAPF,,,,,,,
FL,NASA SHUTTLE FCL,KTTS,,,,,,,
FL,NEW PORT RICHEY,KRRF,,,,,,,
FL,NEW SMYRNA BEACH,KEVB,,,,,,,
FL,NORTH PALM BEACH,KF45,,,,,,,
FL,OCALA MUNI,KOCF,,,,,,,
FL,OCEAN REEF,KOCR,,,,,,,
FL,OKEECHOBEE CTY,KOBE,,,,,,,
FL,ORLANDO,KMCO,,,,,,,
FL,ORLANDO,KORL,,,,,,,
FL,ORMOND BEACH VOR,KOMN,,,,,,,
FL,PALATKA MUNI,K28J,,,,,,,
FL,PALM COAST,KXFL,,,,,,,
FL,PANAMA CITY,KECP,,,,,,,
FL,PATRICK AFB/COCO,KCOF,,,,,,,
FL,PENSACOLA,KPNS,,,,,,,
FL,PENSACOLA NAS,KNPA,,,,,,,
FL,PERRY FOLEY,K40J,,,,,,,
FL,PERRY FOLEY,KFPY,,,,,,,
FL,PLACIDA,K54A,,,,,,,
FL,PLANT CITY MUNI,KPCM,,,,,,,
FL,POMPANO BEACH,KPMP,,,,,,,
FL,PORT RICHEY,KX41,,,,,,,
FL,PUNTA GORDA,KPGD,,,,,,,
FL,QUINCY,K2J9,,,,,,,
FL,SANFORD/ORLANDO,KSFB,,,,,,,
FL,SARASOTA/BRADENT,KSRQ,,,,,,,
FL,SEBASTIAN,KX26,,,,,,,
FL,SEBRING,KSEF,,,,,,,
FL,ST AUGUSTINE,KSGJ,,,,,,,
FL,ST PETERS/ALBERT,KSPG,,,,,,,
FL,ST PETERSBURG,KPIE,,,,,,,
FL,STUART/WITHAM,KSUA,,,,,,,
FL,TALLAHASSEE,KTLH,,,,,,,
FL,TAMPA,KTPA,,,,,,,
FL,TAMPA/O KNIGHT,KTPF,,,,,,,
FL,TAMPA/VANDENBURG,KVDF,,,,,,,
FL,THE VILLAGES,KVVG,,,,,,,
FL,TITUSVILLE,KTIX,,,,,,,
FL,TYNDALL AFB,KPAM,,,,,,,
FL,TYNDALL DRONE,KTDR,,,,,,,
FL,VENICE,KVNC,,,,,,,
FL,VERO BEACH,KTRV,,,,,,,
FL,VERO BEACH,KVRB,,,,,,,
FL,WEST PALM BEACH,KPBI,,,,,,,
FL,WHITING FLD NAS,KNSE,,,,,,,
FL,WILLISTON,KX60,,,,,,,
FL,WINTER HAVEN,KGIF,,,,,,,
FL,ZEPHYRHILLS,KZPH,,,,,,,
GA,ALBANY,KABY,,,,,,,
GA,ALMA,KAMG,,,,,,,
GA,AMERICUS,KACJ,,,,,,,
GA,ATHENS,KAHN,,,,,,,
GA,ATLANTA/FULTON,KFTY,,,,,,,
GA,ATLANTA,KATL,,,,,,,
GA,ATLANTA/PAULDING,KPUJ,,,,,,,
GA,AUGUSTA/BUSH,KAGS,,,,,,,
GA,AUGUSTA/DANIEL,KDNL,,,,,,,
GA,BAINBRIDGE,KBGE,,,,,,,
GA,BAXLEY MUNI,KBHC,,,,,,,
GA,BLAIRSVILLE,KDZJ,,,,,,,
GA,BLAKELY EARLY C,KBIJ,,,,,,,
GA,BRUNSWICK/GLYNCO,KBQK,,,,,,,
GA,BRUNSWICK,KSSI,,,,,,,
GA,BUTLER,K6A1,,,,,,,
GA,CALHOUN,KCZL,,,,,,,
GA,CAMILLA,KCXU,,,,,,,
GA,CANON,K18A,,,,,,,
GA,CANTON/CHEROKEE,KCNI,,,,,,,
GA,CARROLLTON/GRAY,KCTJ,,,,,,,
GA,CARTERSVILLE,KVPC,,,,,,,
GA,CLAXTON/EVANS CO,KCWV,,,,,,,
GA,COCHRAN,K48A,,,,,,,
GA,COLUMBUS,KCSG,,,,,,,
GA,CORDELE,KCKF,,,,,,,
GA,CORNELIA,KAJR,,,,,,,
GA,COVINGTON,K9A1,,,,,,,
GA,COVINGTON,KCVC,,,,,,,
GA,DALTON,KDNN,,,,,,,
GA,DOBBINS AFB/MARI,KMGE,,,,,,,
GA,DONALDSON,K17J,,,,,,,
GA,DOUGLAS MUNI,KDQH,,,,,,,
GA,DUBLIN,KDBN,,,,,,,
GA,EASTMAN,KEZM,,,,,,,
GA,ELBERTON PATZ F,K27A,,,,,,,
GA,ELBERTON PATZ F,KEBA,,,,,,,
GA,FITZGERALD,KFZG,,,,,,,
GA,FT BENNING/COLUM,KLSF,,,,,,,
GA,FT STEWART/WRIGH,KLHW,,,,,,,
GA,GAINESVILLE,KGVL,,,,,,,
GA,GILMORE COUNTY,K49A,,,,,,,
GA,GREENSBORO,K3J7,,,,,,,
GA,GRIFFIN-SPALDING,K6A2,,,,,,,
GA,HAMPTON/CLAY CNT,K4A7,,,,,,,
GA,HAMPTON/HENRY,KHMP,,,,,,,
GA,HAZELHURST,KAZE,,,,,,,
GA,HOMERVILLE,KHOE,,,,,,,
GA,JASPER,KJZP,,,,,,,
GA,JEFFERSON,K19A,,,,,,,
GA,JEFFERSON,KJCA,,,,,,,
GA,JESUP/WAYNE CTY,KJES,,,,,,,
GA,LAFAYETTE,K9A5,,,,,,,
GA,LA GRANGE,KLGC,,,,,,,
GA,LAWRENCEVILLE,KLZU,,,,,,,
GA,LOUISVILLE,K2J3,,,,,,,
GA,MACON,KMCN,,,,,,,
GA,MARIETTA MCCOLUM,KRYY,,,,,,,
GA,MCDUFFIE/THOMSON,KHQU,,,,,,,
GA,METTER,KHME,,,,,,,
GA,METTER,KMHP,,,,,,,
GA,MILLEDGEVILLE,KMLJ,,,,,,,
GA,MILLEN,K2J5,,,,,,,
GA,MONROE,KD73,,,,,,,
GA,MOODY AFB/VALDOS,KVAD,,,,,,,
GA,MOULTRIE MUNI,KMGR,,,,,,,
GA,MOULTRIE/SPENCE,KMUL,,,,,,,
GA,NEWNAN,KCCO,,,,,,,
GA,PEACHTREE CITY,KFFC,,,,,,,
GA,PEACHTREE/DEKALB,KPDK,,,,,,,
GA,PERRY HOUSTON CN,KPXE,,,,,,,
GA,PINE MOUNTAIN,KPIM,,,,,,,
GA,REIDSVILLE,KRVJ,,,,,,,
GA,ROME,KRMG,,,,,,,
GA,SANDERSVILLE,KOKZ,,,,,,,
GA,SAVANNAH/HUNTER,KSVN,,,,,,,
GA,SAVANNAH,KSAV,,,,,,,
GA,STATESBORO,KTBR,,,,,,,
GA,SWAINSBORO,KSBO,,,,,,,
GA,SYLVANIA,KJYL,,,,,,,
GA,THOMASTON UPSON,KOPN,,,,,,,
GA,THOMASVILLE,KTVI,,,,,,,
GA,TIFTON,KTMA,,,,,,,
GA,TOCCOA,KTOC,,,,,,,
GA,VALDOSTA REGIONA,KVLD,,,,,,,
GA,VIDALIA MUNI,KVDI,,,,,,,
GA,WARNER ROBINS AF,KWRB,,,,,,,
GA,WASHINGTON,KIIY,,,,,,,
GA,WAYCROSS/WARE CO,KAYS,,,,,,,
GA,WINDER/BARROW,KWDR,,,,,,,
HI,BARKING SANDS/KA,PHBK,,,,,,,
HI,BRADSHAW AAF/HAW,PHSF,,,,,,,
HI,HANA,PHHN,,,,,,,
HI,HICKAM AFB,PHIK,,,,,,,
HI,HILO,PHTO,,,,,,,
HI,HONOLULU,PHNL,,,,,,,
HI,KAHULUI,PHOG,,,,,,,
HI,KAILUA/KONA,PHKO,,,,,,,
HI,KALAELOA,PHJR,,,,,,,
HI,KALAUPAPA,PHLU,,,,,,,
HI,KANEOHE MCAS,PHNG,,,,,,,
HI,LAHAINA/WEST MAU,PHJH,,,,,,,
HI,LANAI CITY AIRPO,PHNY,,,,,,,
HI,LIHUE/KAUAI IS,PHLI,,,,,,,
HI,MIDWAY ISLAND NA,PMDY,,,,,,,
HI,MOLOKAI/KUKUI,PHMO,,,,,,,
HI,MOLOKAI,PHMK,,,,,,,
HI,WHEELER AFB/OAHU,PHHI,,,,,,,
IA,ALGONA,KAXA,,,,,,,
IA,AMES,KAMW,,,,,,,
IA,ANKENY,KIKV,,,,,,,
IA,ATLANTIC,KAIO,,,,,,,
IA,AUDUBON,KADU,,,,,,,
IA,BOONE MUNI,KBNW,,,,,,,
IA,BURLINGTON,KBRL,,,,,,,
IA,CARROLL,KCIN,,,,,,,
IA,CEDAR RAPIDS,KCID,,,,,,,
IA,CENTERVILLE MUNI,KTVK,,,,,,,
IA,CHARITON,KCNC,,,,,,,
IA,CHARLES CITY,KCCY,,,,,,,
IA,CHEROKEE,KCKP,,,,,,,
IA,CLARINDA,KICL,,,,,,,
IA,CLARION,KCAV,,,,,,,
IA,CLINTON MUNI,KCWI,,,,,,,
IA,COUNCIL BLUFFS,KCBF,,,,,,,
IA,CRESTON,KCSQ,,,,,,,
IA,DAVENPORT/QUAD C,KDVN,,,,,,,
IA,DECORAH,KDEH,,,,,,,
IA,DENISON,KDNS,,,,,,,
IA,DES MOINES,KDSM,,,,,,,
IA,DUBUQUE,KDBQ,,,,,,,
IA,ESTHERVILLE,KEST,,,,,,,
IA,FAIRFIELD,KFFL,,,,,,,
IA,FOREST CITY,KFXY,,,,,,,
IA,FORT DODGE,KFOD,,,,,,,
IA,FORT MADISON,KFSW,,,,,,,
IA,GRINNELL REG,KGGI,,,,,,,
IA,HAMPTON,KHPT,,,,,,,
IA,HARLAN MUNI,KHNR,,,,,,,
IA,INDEPENDENCE,KIIB,,,,,,,
IA,IOWA CITY,KIOW,,,,,,,
IA,IOWA FALLS MUNI,KIFA,,,,,,,
IA,KEOKUK MUNI,KEOK,,,,,,,
IA,KNOXVILLE,KOXV,,,,,,,
IA,LAMONI,KLWD,,,,,,,
IA,LE MARS,KLRJ,,,,,,,
IA,MARSHALLTOWN,KMIW,,,,,,,
IA,MASON CITY,KMCW,,,,,,,
IA,MAURICE,KSXK,,,,,,,
IA,MONTICELLO MUNI,KMXO,,,,,,,
IA,MT PLEASANT,KMPZ,,,,,,,
IA,MUSCATINE,KMUT,,,,,,,
IA,NEWTON MUNI,KTNU,,,,,,,
IA,OELWEN,KOLZ,,,,,,,
IA,ORANGE CITY,KORC,,,,,,,
IA,OSCEOLA MUNI,KI75,,,,,,,
IA,OSKALOOSA MUNI,KOOA,,,,,,,
IA,OTTUMWA,KOTM,,,,,,,
IA,PELLA,KPEA,,,,,,,
IA,PERRY MUNI,KPRO,,,,,,,
IA,RED OAK,KRDK,,,,,,,
IA,SHELDON,KSHL,,,,,,,
IA,SHENANDOAH MUNI,KSDA,,,,,,,
IA,SIOUX CITY,KSUX,,,,,,,
IA,SPENCER,KSPW,,,,,,,
IA,STORM LAKE,KSLB,,,,,,,
IA,VINTON,KVTI,,,,,,,
IA,WASHINGTON,KAWG,,,,,,,
IA,WATERLOO,KALO,,,,,,,
IA,WEBSTER CITY,KEBS,,,,,,,
ID,BOISE,KBOI,,,,,,,
ID,BONNERS FERRY,K65S,,,,,,,
ID,BURLEY,KBYI,,,,,,,
ID,CALDWELL,KEUL,,,,,,,
ID,CHALLIS,KLLJ,,,,,,,
ID,COEUR D'ALENE,KCOE,,,,,,,
ID,DRIGGS REED MEM,KDIJ,,,,,,,
ID,GRANGEVILLE,KGIC,,,,,,,
ID,HAILEY/FRIEDMAN,KSUN,,,,,,,
ID,IDAHO FALLS,KIDA,,,,,,,
ID,JEROME COUNTY,KJER,,,,,,,
ID,LEWISTON,KLWS,,,,,,,
ID,LOWELL/ELK CITY,KP69,,,,,,,
ID,MALAD CITY,KMLD,,,,,,,
ID,MALTA (AWRS),K77M,,,,,,,
ID,MCCALL,KMYL,,,,,,,
ID,MOUNTAIN HOME,KMUO,,,,,,,
ID,MULLAN PASS,KMLP,,,,,,,
ID,NAMPA,KMAN,,,,,,,
ID,PARIS,K1U7,,,,,,,
ID,POCATELLO,KPIH,,,,,,,
ID,REXBURG,KRXE,,,,,,,
ID,SALMON/LEMHI,KSMN,,,,,,,
ID,SODA SPRINGS,KU78,,,,,,,
ID,SPENCER,KS14,,,,,,,
ID,STANLEY,KSNT,,,,,,,
ID,TWIN FALLS,KTWF,,,,,,,
ID,WALL/SANDPOINT,KSZT,,,,,,,
IL,ALTON/ST LOUIS R,KALN,,,,,,,
IL,BLOOMINGTON/NORM,KBMI,,,,,,,
IL,CAHOKIA/ST LOUIS,KCPS,,,,,,,
IL,CAIRO,KCIR,,,,,,,
IL,CARBONDALE/MURPH,KMDH,,,,,,,
IL,CARMI MUNI,KCUL,,,,,,,
IL,CENTRALIA,KENL,,,,,,,
IL,CHAMPAIGN/URBANA,KCMI,,,,,,,
IL,CHICAGO/AURORA,KARR,,,,,,,
IL,CHICAGO/DUPAGE,KDPA,,,,,,,
IL,CHICAGO,KMDW,,,,,,,
IL,CHICAGO/LANSING,KIGQ,,,,,,,
IL,CHICAGO/MEIGS,KCGX,,,,,,,
IL,CHICAGO O'HARE,KORD,,,,,,,
IL,DANVILLE,KDNV,,,,,,,
IL,DECATUR,KDEC,,,,,,,
IL,DE KALB,KDKB,,,,,,,
IL,DIXON,KC73,,,,,,,
IL,EFFINGHAM,K1H2,,,,,,,
IL,FAIRFIELD,KFWC,,,,,,,
IL,FLORA,KFOA,,,,,,,
IL,FREEPORT,KFEP,,,,,,,
IL,GALESBURG,KGBG,,,,,,,
IL,GREENVILLE,KGRE,,,,,,,
IL,HARRISBURG,KHSB,,,,,,,
IL,JACKSONVILLE,KIJX,,,,,,,
IL,JOLIET,KJOT,,,,,,,
IL,KANKAKEE,KIKK,,,,,,,
IL,LACON,KC75,,,,,,,
IL,LAWRENCEVILLE,KLWV,,,,,,,
IL,LINCOLN,KAAA,,,,,,,
IL,LITCHFIELD MUNI,K3LF,,,,,,,
IL,MACOMB MUNI,KMQB,,,,,,,
IL,MARION REGIONAL,KMWA,,,,,,,
IL,MARSEILLES,KMMO,,,,,,,
IL,MATTOON/CHARLEST,KMTO,,,,,,,
IL,METROPOLIS,KM30,,,,,,,
IL,MOLINE/QUAD CITY,KMLI,,,,,,,
IL,MONEE,KC56,,,,,,,
IL,MORRIS-WASHBURN,KC09,,,,,,,
IL,MOUNT CARMEL,KAJG,,,,,,,
IL,MOUNT STERLING,KI63,,,,,,,
IL,MOUNT VERNON,KMVN,,,,,,,
IL,OLNEY-NOBLE,KOLY,,,,,,,
IL,PALWAUKEE,KPWK,,,,,,,
IL,PARIS,KPRG,,,,,,,
IL,PEORIA,KPIA,,,,,,,
IL,PERU,KVYS,,,,,,,
IL,PITTSFIELD,KPPQ,,,,,,,
IL,PONTIAC,KPNT,,,,,,,
IL,QUINCY MUNI/BALD,KUIN,,,,,,,
IL,RANTOUL,KTIP,,,,,,,
IL,ROBINSON MUNI,KRSV,,,,,,,
IL,ROCHELLE/KORITZ,KRPJ,,,,,,,
IL,ROCKFORD,KRFD,,,,,,,
IL,ROMEOVILLE/CHI,KLOT,,,,,,,
IL,SALEM/LECKRONE,KSLO,,,,,,,
IL,SAVANNA/TRITOWN,KSFY,,,,,,,
IL,SCHAUMBURG,K06C,,,,,,,
IL,SCOTT AFB/BELLEV,KBLV,,,,,,,
IL,SPARTA,KSAR,,,,,,,
IL,SPRINGFIELD,KSPI,,,,,,,
IL,STERLING ROCKFAL,KSQI,,,,,,,
IL,TAYLORVILLE,KTAZ,,,,,,,
IL,VANDALIA,KVLA,,,,,,,
IL,WAUKEGAN,KUGN,,,,,,,
IN,ANDERSON MUNICIP,KAID,,,,,,,
IN,ANGOLA,KANQ,,,,,,,
IN,ATTERBURY,KHBE,,,,,,,
IN,AUBURN DEKALB C,KGWB,,,,,,,
IN,BLOOMINGTON,KBMG,,,,,,,
IN,COLUMBUS/BALKALA,KBAK,,,,,,,
IN,CRAWFORDSVILLE,KCFJ,,,,,,,
IN,DAVIESS COUNTY,KDCY,,,,,,,
IN,ELKHART MUNICIPA,KEKM,,,,,,,
IN,EVANSVILLE,KEVV,,,,,,,
IN,FORT WAYNE,KFWA,,,,,,,
IN,FORT WAYNE SMITH,KSMD,,,,,,,
IN,FRANKFORT,KFKR,,,,,,,
IN,FRENCH LICK,KFRH,,,,,,,
IN,GARY REGIONAL,KGYY,,,,,,,
IN,GOSHEN,KGSH,,,,,,,
IN,GREENCASTLE,K4I7,,,,,,,
IN,GREENCASTLE,KGPC,,,,,,,
IN,GREENWOOD,KHFY,,,,,,,
IN,GRISSOM AFB/PERU,KGUS,,,,,,,
IN,HIMSEL AAF,K1II,,,,,,,
IN,HUNTINGBURG,KHNB,,,,,,,
IN,HUNTINGTON,KHHG,,,,,,,
IN,INDIANAPOLIS EXC,KTYQ,,,,,,,
IN,INDIANAPOLIS,KEYE,,,,,,,
IN,INDIANAPOLIS,KIND,,,,,,,
IN,INDIANAPOLIS REG,KMQJ,,,,,,,
IN,JEFFERSONVILLE,KJVY,,,,,,,
IN,KENDALLVILLE,KC62,,,,,,,
IN,KNOX STARKE CTY,KOXI,,,,,,,
IN,KOKOMO,KOKK,,,,,,,
IN,LAFAYETTE,KLAF,,,,,,,
IN,LA PORTE,KPPO,,,,,,,
IN,LOGANSPORT,KGGP,,,,,,,
IN,MADISON,KIMS,,,,,,,
IN,MARION MUNI,KMZZ,,,,,,,
IN,MICHIGAN CITY,KMGC,,,,,,,
IN,MONTICELLO/WHITE,KMCX,,,,,,,
IN,MUNCIE,KMIE,,,,,,,
IN,PLYMOUTH,KC65,,,,,,,
IN,PORTLAND,KPLD,,,,,,,
IN,RENSSELAER,KRZL,,,,,,,
IN,RICHMOND,KRID,,,,,,,
IN,ROCHESTER,KRCR,,,,,,,
IN,SHELBYVILLE,KGEZ,,,,,,,
IN,SOUTH BEND,KSBN,,,,,,,
IN,TERRE HAUTE,KHUF,,,,,,,
IN,VALPARAISO,KVPZ,,,,,,,
IN,WARSAW MUNI,KASW,,,,,,,
KS,ABILENE,KK78,,,,,,,
KS,ATWOOD,KADT,,,,,,,
KS,AUGUSTA,K3AU,,,,,,,
KS,BASSETT,KK88,,,,,,,
KS,BENTON,K1K1,,,,,,,
KS,BURLINGTON,KUKL,,,,,,,
KS,CHANUTE,KCNU,,,,,,,
KS,COFFEYVILLE,KCFV,,,,,,,
KS,COLBY,KCBK,,,,,,,
KS,CONCORDIA,KCNK,,,,,,,
KS,DODGE CITY,KDDC,,,,,,,
KS,ELDORADO,KEQA,,,,,,,
KS,ELKHART,KEHA,,,,,,,
KS,ELLSWORTH,K9K7,,,,,,,
KS,EMPORIA,KEMP,,,,,,,
KS,EUREKA,K13K,,,,,,,
KS,FORT LEAVENWORTH,KFLV,,,,,,,
KS,FORT SCOTT,KFSK,,,,,,,
KS,FT RILEY/MARSHAL,KFRI,,,,,,,
KS,GARDEN CITY,KGCK,,,,,,,
KS,GARNETT,KK68,,,,,,,
KS,GOODLAND,KGLD,,,,,,,
KS,GREAT BEND,KGBD,,,,,,,
KS,GRINNELL,KGNL,,,,,,,
KS,HARPER,K8K2,,,,,,,
KS,HAYS MUNI,KHYS,,,,,,,
KS,HERNDON,KHD7,,,,,,,
KS,HILL CITY,KHLC,,,,,,,
KS,HOXIE,KHOX,,,,,,,
KS,HUGOTON,KHQG,,,,,,,
KS,HUGOTON,KHQG,,,,,,,
KS,HUTCHINSON,KHUT,,,,,,,
KS,INDEPENDENCE,KIDP,,,,,,,
KS,JENNINGS,KJN8,,,,,,,
KS,JOHNSON CITY,KJHN,,,,,,,
KS,JOHNSON,K2K3,,,,,,,
KS,KINGMAN,K9K8,,,,,,,
KS,LAWRENCE,KLWC,,,,,,,
KS,LEOTI/HOARD MEML,K3K7,,,,,,,
KS,LIBERAL,KLBL,,,,,,,
KS,LOGAN,KLG5,,,,,,,
KS,LYONS,KLYO,,,,,,,
KS,MANHATTAN,KMHK,,,,,,,
KS,MARYSVILLE,KMYZ,,,,,,,
KS,MCCONNELL AFB,KIAB,,,,,,,
KS,MCPHERSON,KMPR,,,,,,,
KS,MEDICINE LODGE,KP28,,,,,,,
KS,NEW ALMELO,KAL8,,,,,,,
KS,NEWTON,KEWK,,,,,,,
KS,NORTON,KNRN,,,,,,,
KS,OAKLEY,KOEL,,,,,,,
KS,OAKLEY,KOEL,,,,,,,
KS,OBERLIN,KOIN,,,,,,,
KS,OLATHE/EXECUTIVE,KOJC,,,,,,,
KS,OLATHE/INDUSTRIA,KIXD,,,,,,,
KS,OTTAWA,KOWI,,,,,,,
KS,PARSONS,KPPF,,,,,,,
KS,PHILLIPSBURG,KPHG,,,,,,,
KS,PITTSBURG,KPTS,,,,,,,
KS,PRATT INDUST,KPTT,,,,,,,
KS,RUSSELL,KRSL,,,,,,,
KS,SALINA,KSLN,,,,,,,
KS,SCOTT CITY,KTQK,,,,,,,
KS,SMITH CENTER,KK82,,,,,,,
KS,ST FRANCIS,KSYF,,,,,,,
KS,SUBLETTE,K19S,,,,,,,
KS,SYRACUSE,K3K3,,,,,,,
KS,TOPEKA/FORBES,KFOE,,,,,,,
KS,TOPEKA,KTOP,,,,,,,
KS,TRIBUNE,KTRB,,,,,,,
KS,ULYSSES,KULS,,,,,,,
KS,WAKEENEY,KWK6,,,,,,,
KS,WELLINGTON,KEGT,,,,,,,
KS,WICHITA/BEECH,KBEC,,,,,,,
KS,WICHITA/JABARA,KAAO,,,,,,,
KS,WICHITA,KICT,,,,,,,
KS,WINFIELD/ARKANSA,KWLD,,,,,,,
KY,ASHLAND,KDWU,,,,,,,
KY,BARDSTOWN,KBRY,,,,,,,
KY,BIG SANDY RGNL,KSJS,,,,,,,
KY,BOWLING GREE,KBWG,,,,,,,
KY,CAMPBELLSVILLE,KAAS,,,,,,,
KY,COVINGTON,KCVG,,,,,,,
KY,DANVILLE,KDVK,,,,,,,
KY,FALMOUTH,KK62,,,,,,,
KY,FLEMINGSBURG,KFGX,,,,,,,
KY,FORT KNOX/GODMAN,KFTK,,,,,,,
KY,FRANKFORT,KFFT,,,,,,,
KY,GEORGETOWN,K27K,,,,,,,
KY,GLASGOW,KGLW,,,,,,,
KY,GREENVILLE,KM21,,,,,,,
KY,HARLAN,KI35,,,,,,,
KY,HAZARD,KCPF,,,,,,,
KY,HENDERSON CITY,KEHR,,,,,,,
KY,HOPKINSVILLE,KHOP,,,,,,,
KY,LEBANON-SPRINGFI,K6I2,,,,,,,
KY,LEWISPORT,KKY8,,,,,,,
KY,LEXINGTON,KLEX,,,,,,,
KY,LONDON,KLOZ,,,,,,,
KY,LOUISVILLE/BOWMN,KLOU,,,,,,,
KY,LOUISVILLE,KSDF,,,,,,,
KY,LOUISVILLE/WFO,KLMK,,,,,,,
KY,MADISONVILLE,K2I0,,,,,,,
KY,MARION,K5M9,,,,,,,
KY,MAYFIELD,KM25,,,,,,,
KY,MIDDLESBORO-BELL,K1A6,,,,,,,
KY,MONTICELLO/WAYNE,KEKQ,,,,,,,
KY,MOREHEAD,KM97,,,,,,,
KY,MOREHEAD,KSYM,,,,,,,
KY,MOUNT STERLING,KIOB,,,,,,,
KY,MURRAY KYLE-OAK,KCEY,,,,,,,
KY,NOCTOR/JACKSON,KJKL,,,,,,,
KY,OWENSBORO/DAVIES,KOWB,,,,,,,
KY,PADUCAH,KPAH,,,,,,,
KY,PIKEVILLE,KPBX,,,,,,,
KY,RICHMOND,KRGA,,,,,,,
KY,RICHMOND/MADISON,KI39,,,,,,,
KY,SOMERSET,KSME,,,,,,,
KY,TOMPKINSVILLE,KTZV,,,,,,,
KY,WILLIAMSBURG,KBYL,,,,,,,
LA,ABBEVILLE CC MEM,KIYA,,,,,,,
LA,ALEXANDRIA,KAEX,,,,,,,
LA,ALEXANDRIA,KESF,,,,,,,
LA,AMELIA/LAKE PALO,K7R3,,,,,,,
LA,ATLANTIS OILP,KATP,,,,,,,
LA,AUDUBON PARK,KAUD,,,,,,,
LA,BARKSDALE AFB,KBAD,,,,,,,
LA,BASTROP MOREHOUS,KBQP,,,,,,,
LA,BATON ROUGE,KBTR,,,,,,,
LA,BOGALUSA CARR F,KBXA,,,,,,,
LA,BOOTHVILLE HEL,KLNQ,,,,,,,
LA,BOOTHVILLE,KBVE,,,,,,,
LA,CAMERON HELIPORT,K7R5,,,,,,,
LA,CAMERON,KCVW,,,,,,,
LA,CHENAULT/LK CHAS,KCWF,,,,,,,
LA,DEQUINCEY IND AR,K5R8,,,,,,,
LA,DERIDDER/FSS,KDRI,,,,,,,
LA,E CAMERON278OILP,KEHC,,,,,,,
LA,E CAMERON 321A,KEZP,,,,,,,
LA,E CAMERON 346,KE12,,,,,,,
LA,E CAMERON 47JP,KCMB,,,,,,,
LA,EUGENE I 215OILP,KEIR,,,,,,,
LA,EUGENE IS 330,K3B6,,,,,,,
LA,FORT POLK FR,KPOE,,,,,,,
LA,FOURCHON (SAWRS),K9F2,,,,,,,
LA,FULLERTON/POLK,KBKB,,,,,,,
LA,GALLIANO HELIPRT,K2GL,,,,,,,
LA,GALLIANO HELIPRT,K2LS,,,,,,,
LA,GALLIANO,KGAO,,,,,,,
LA,GARDEN BANKS172,KGHB,,,,,,,
LA,GOMEX 354,KSQE,,,,,,,
LA,GONZALES,KL38,,,,,,,
LA,GONZALES,KREG,,,,,,,
LA,GRAND CHENIER,K3L4,,,,,,,
LA,GRAND ISLE (SAWR,KAXO,,,,,,,
LA,GREEN CANYON 184,KXCN,,,,,,,
LA,GREEN CANYON 338,KGRY,,,,,,,
LA,GREEN CANYON 52,K28K,,,,,,,
LA,HAMMOND,KHDC,,,,,,,
LA,HIGH IS. 179A,KXIH,,,,,,,
LA,HIGH IS. 264C,KH08,,,,,,,
LA,HIGH ISLAND 334A,KH02,,,,,,,
LA,HOUMA TERREBONNE,KHUM,,,,,,,
LA,INDEPEDENCE 920,KIPN,,,,,,,
LA,INTRACOASTAL CIT,K7R4,,,,,,,
LA,JENNINGS,K3R7,,,,,,,
LA,KEATHLEY C 875,K18H,,,,,,,
LA,LAFAYETTE,KLFT,,,,,,,
LA,LAKE CHARLES,KLCH,,,,,,,
LA,MAGNOLIA OILP,KGBK,,,,,,,
LA,MAIN PASS 140B,KMIS,,,,,,,
LA,MAIN PASS 289C,KVKY,,,,,,,
LA,MANFIELD,K3F3,,,,,,,
LA,MARATHON-VENICE,K5LA,,,,,,,
LA,MINDEN,KMNE,,,,,,,
LA,MISS CANYAN 807,KCYD,,,,,,,
LA,MISS CANYON 311A,KMDJ,,,,,,,
LA,MISS CANYON 474,KIKT,,,,,,,
LA,MISSISSIPPI CANY,KDSF,,,,,,,
LA,MONROE,KMLU,,,,,,,
LA,NATCHITOCHES,KIER,,,,,,,
LA,NEW IBERIA,KARA,,,,,,,
LA,NEW ORLEANS/INTL,KMSY,,,,,,,
LA,NEW ORLEANS/LAKE,KNEW,,,,,,,
LA,NEW ORLEANS NAS,KNBG,,,,,,,
LA,NEW ORLEANS/SUPE,K7N0,,,,,,,
LA,NEW ORLEANS/SUPE,KVSH,,,,,,,
LA,NEW ROADS,KHZR,,,,,,,
LA,OAKDALE ALLEN P,KACP,,,,,,,
LA,OFFSHORE,KH78,,,,,,,
LA,OPELOUSAS,KOPL,,,,,,,
LA,PATTERSON MEMORI,KPTN,,,,,,,
LA,PEASON RIDG/POLK,KAQV,,,,,,,
LA,PHI OIL PLATF,K4C0,,,,,,,
LA,PHI OIL PLATF,K4CO,,,,,,,
LA,PORT FOURCHON,KXPY,,,,,,,
LA,RESERVE,K1L0,,,,,,,
LA,RESERVE,KAPS,,,,,,,
LA,RUSTON REGIONAL,KRSN,,,,,,,
LA,SABINE 13B OILP,KVBS,,,,,,,
LA,SALT POINT,KP92,,,,,,,
LA,SELF STRIP/POLK,KDNK,,,,,,,
LA,SHIP SHOAL178,KSPR,,,,,,,
LA,SHIP SHOAL 207,KGSM,,,,,,,
LA,SHIP SHOAL 241,KPZZ,,,,,,,
LA,SHREVEPORT/DWNTN,KDTN,,,,,,,
LA,SHREVEPORT,KSHV,,,,,,,
LA,SLIDELL 22,KASD,,,,,,,
LA,S MARSH268 OILP,KSCF,,,,,,,
LA,S MARSH ISL 268,KSRN,,,,,,,
LA,S MARSH ISLAND,K7R8,,,,,,,
LA,SOUTH TIMBALIER,KS58,,,,,,,
LA,S TIMBALIER 301B,KSTZ,,,,,,,
LA,SULPHUR,KUXL,,,,,,,
LA,TALLULAH/VICKSBU,KTVR,,,,,,,
LA,VENICE HELIPORT,K1B7,,,,,,,
LA,VERMILION 331,KVQT,,,,,,,
LA,VERMILLION26OILP,KVNP,,,,,,,
LA,VIDALIA/CONCORDI,K0R4,,,,,,,
LA,WALKER RIDGE 29,KWBF,,,,,,,
LA,W. CAMERON 560,KW60,,,,,,,
MA,BEDFORD,KBED,,,,,,,
MA,BEVERLY,KBVY,,,,,,,
MA,BOSTON,KBOS,,,,,,,
MA,CHATHAM,KCHH,,,,,,,
MA,CHATHAM,KCQX,,,,,,,
MA,CHICOPEE/WESTOVE,KCEF,,,,,,,
MA,EAST MILTON,KMQE,,,,,,,
MA,FALMOUTH/OTIS AB,KFMH,,,,,,,
MA,FITCHBURG,KFIT,,,,,,,
MA,HYANNIS,KHYA,,,,,,,
MA,LAWRENCE,KLWM,,,,,,,
MA,MARSHFIELD,KGHG,,,,,,,
MA,MARTHAS VINEYARD,KMVY,,,,,,,
MA,NANTUCKET,KACK,,,,,,,
MA,NEW BEDFORD,KEWB,,,,,,,
MA,NORTH ADAMS,KAQW,,,,,,,
MA,NORWOOD,KOWD,,,,,,,
MA,ORANGE,KORE,,,,,,,
MA,PITTSFIELD,KPSF,,,,,,,
MA,PLYMOUTH,KPYM,,,,,,,
MA,PROVINCETOWN,KPVC,,,,,,,
MA,SOUTH WEYMOUTH,KNZW,,,,,,,
MA,TAUNTON,KTAN,,,,,,,
MA,WESTFIELD,KBAF,,,,,,,
MA,WORCESTER,KORH,,,,,,,
MD,ABERDEEN/PHILLIP,KAPG,,,,,,,
MD,ANDREWS AFB,KADW,,,,,,,
MD,ANNAPOLIS/NAVAL,KNAK,,,,,,,
MD,BALTIMORE/DWNTWN,KDMH,,,,,,,
MD,BALTIMORE/MARTIN,KMTN,,,,,,,
MD,BALTO/WASH INTL,KBWI,,,,,,,
MD,CAMBRIDGE-DORCH,KCGE,,,,,,,
MD,CARROLL CNTY,KDMW,,,,,,,
MD,CLINTON,KW32,,,,,,,
MD,COLLEGE PARK,KCGS,,,,,,,
MD,CUMBERLAND REG,KCBE,,,,,,,
MD,EASTON/NEWNAM,KESN,,,,,,,
MD,FORT MEADE,KFME,,,,,,,
MD,FORT RITCHIE,KJWX,,,,,,,
MD,FREDERICK,KFDK,,,,,,,
MD,GAITHERSBURG,KGAI,,,,,,,
MD,GARRETT CO,K2G4,,,,,,,
MD,HAGERSTOWN,KHGR,,,,,,,
MD,NSF THURMONT,KRSP,,,,,,,
MD,OCEAN CITY,KOXB,,,,,,,
MD,PATUXENT RIVER,KNHK,,,,,,,
MD,RIDGELY,KRJD,,,,,,,
MD,SALISBURY,KSBY,,,,,,,
MD,STEVENSVILLE,KW29,,,,,,,
MD,ST MARYS (DUKE),K2W6,,,,,,,
MD,WEBSTER NAVAL,KNUI,,,,,,,
ME,AUBURN/LEWISTON,KLEW,,,,,,,
ME,AUGUSTA,KAUG,,,,,,,
ME,BANGOR,KBGR,,,,,,,
ME,BAR HARBOR,KBHB,,,,,,,
ME,BRUNSWICK NAS,KNHZ,,,,,,,
ME,CARIBOU,KCAR,,,,,,,
ME,CARRABASSETT,KB21,,,,,,,
ME,CLAYTON LAKE,K40B,,,,,,,
ME,EASTPORT,KEPM,,,,,,,
ME,FRENCHVILLE,KFVE,,,,,,,
ME,FRYEBURG,KIZG,,,,,,,
ME,GREENVILLE,KGNR,,,,,,,
ME,HOULTON,KHUL,,,,,,,
ME,MILLINOCKET,KMLT,,,,,,,
ME,OLD TOWN/DEWITT,KOLD,,,,,,,
ME,PORTLAND,KPWM,,,,,,,
ME,PRESQUE ISLE,KPQI,,,,,,,
ME,ROCKLAND/KNOX,KRKD,,,,,,,
ME,SANFORD MUNI,KSFM,,,,,,,
ME,WATERVILLE,KWVL,,,,,,,
ME,WISCASSET,KIWI,,,,,,,
MI,ADRIAN,KADG,,,,,,,
MI,ALMA,KAMN,,,,,,,
MI,ALPENA,KAPN,,,,,,,
MI,ANN ARBOR,KARB,,,,,,,
MI,BAD AXE,KBAX,,,,,,,
MI,BATTLE CREEK,KBTL,,,,,,,
MI,BEAVER ISLAND,KSJX,,,,,,,
MI,BELLAIRE,KACB,,,,,,,
MI,BENTON HARBOR,KBEH,,,,,,,
MI,BIG RAPIDS,KRQB,,,,,,,
MI,CADILLAC/WEXFORD,KCAD,,,,,,,
MI,CARO/TUSCOLA,KCFS,,,,,,,
MI,CHARLEVOIX,KCVX,,,,,,,
MI,CHARLOTTE,KFPK,,,,,,,
MI,CHEBOYGAN,KSLH,,,,,,,
MI,CHIPPEWA INTL,KCIU,,,,,,,
MI,COLDWATER,KOEB,,,,,,,
MI,COPPER HARBOR,KP59,,,,,,,
MI,DETROIT/CITY AIR,KDET,,,,,,,
MI,DETROIT/GROSSE I,KONZ,,,,,,,
MI,DETROIT/WAYNE,KDTW,,,,,,,
MI,DETROIT/WILLOW,KYIP,,,,,,,
MI,DRUMMOND IS,KDRM,,,,,,,
MI,ESCANABA,KESC,,,,,,,
MI,FLINT,KFNT,,,,,,,
MI,FRANKFORT,KFKS,,,,,,,
MI,FREMONT,KFFX,,,,,,,
MI,GAYLORD,KGLR,,,,,,,
MI,GRAND RAPIDS,KGRR,,,,,,,
MI,GRAYLING AF,KGOV,,,,,,,
MI,GWINN/SAWYER,KSAW,,,,,,,
MI,HANCOCK,KCMX,,,,,,,
MI,HARBOR SPRINGS,KMGN,,,,,,,
MI,HART/SHELBY,KC04,,,,,,,
MI,HILLSDALE,KJYM,,,,,,,
MI,HOLLAND,KBIV,,,,,,,
MI,HOUGHTON LAKE,KHTL,,,,,,,
MI,HOWELL,KOZW,,,,,,,
MI,IONIA,KY70,,,,,,,
MI,IRON MOUNTAIN,KIMT,,,,,,,
MI,IRONWOOD,KIWD,,,,,,,
MI,JACKSON/REYNOLDS,KJXN,,,,,,,
MI,KALAMAZOO,KAZO,,,,,,,
MI,LAMBERTVILLE,KDUH,,,,,,,
MI,LANSING,KLAN,,,,,,,
MI,LAPEER,KD95,,,,,,,
MI,LUDINGTON/MASON,KLDM,,,,,,,
MI,MACKINAC ISLAND,KMCD,,,,,,,
MI,MANISTEE,KMBL,,,,,,,
MI,MANISTIQUE,KISQ,,,,,,,
MI,MANISTIQUE,KP75,,,,,,,
MI,MARSHALL,KRMY,,,,,,,
MI,MASON,KTEW,,,,,,,
MI,MENOMINEE,KMNM,,,,,,,
MI,MIDLAND BARSTOW,KIKW,,,,,,,
MI,MONROE,KTTF,,,,,,,
MI,MOUNT PLEASANT,KMOP,,,,,,,
MI,MUNISING LAKESH,KP53,,,,,,,
MI,MUSKEGON,KMKG,,,,,,,
MI,NEWBERRY,KERY,,,,,,,
MI,OSCODA/WURTSMITH,KOSC,,,,,,,
MI,OWOSSO,KRNP,,,,,,,
MI,PELLSTON,KPLN,,,,,,,
MI,PONTIAC,KPTK,,,,,,,
MI,PORT HOPE,KP58,,,,,,,
MI,PORT HURON,KPHN,,,,,,,
MI,ROGERS CITY,KPZQ,,,,,,,
MI,SAGINAW/BROWNE,KHYX,,,,,,,
MI,SAGINAW,KMBS,,,,,,,
MI,SALEM (LANSING),KSVM,,,,,,,
MI,SAULT STE MARIE,KANJ,,,,,,,
MI,SAULT STE MARIE,KSSM,,,,,,,
MI,SELFRIDGE ANGB,KMTC,,,,,,,
MI,SOUTH HAVEN,KLWA,,,,,,,
MI,STURGIS/KIRSCH,KIRS,,,,,,,
MI,THREE RIVERS,KHAI,,,,,,,
MI,TRAVERSE CIT,KTVC,,,,,,,
MI,TROY/OAKLAND,KVLL,,,,,,,
MI,WEST BRANCH,KY31,,,,,,,
MN,AITKIN NDB,KAIT,,,,,,,
MN,ALBERT LEA,KAEL,,,,,,,
MN,ALEXANDRIA,KAXN,,,,,,,
MN,APPLETON MUNICIP,KAQP,,,,,,,
MN,AUSTIN MUNI,KAUM,,,,,,,
MN,BAUDETTE,KBDE,,,,,,,
MN,BEMIDJI,KBJI,,,,,,,
MN,BENSON MUNI,KBBB,,,,,,,
MN,BIGFORK,KFOZ,,,,,,,
MN,BRAINERD,KBRD,,,,,,,
MN,BUFFALO MUNI,KCFE,,,,,,,
MN,CAMBRIDGE MUNI,KCBG,,,,,,,
MN,CAMP RIDLEY,KRYM,,,,,,,
MN,CANBY/MYERS FLD,K27D,,,,,,,
MN,CANBY/MYERS FLD,KCNB,,,,,,,
MN,CLOQUET,KCOQ,,,,,,,
MN,COOK MUNI AIRPOR,KCQM,,,,,,,
MN,CRANE LAKE,KCDD,,,,,,,
MN,CROOKSTON MUNI,KCKN,,,,,,,
MN,DETROIT LAKES,KDTL,,,,,,,
MN,DODGE CENTER,KTOB,,,,,,,
MN,DULUTH,KDLH,,,,,,,
MN,DULUTH (SKY HARB,KDYT,,,,,,,
MN,ELBOW LAKE MUNI,KY63,,,,,,,
MN,ELY MUNI,KELO,,,,,,,
MN,EVELETH MUNI,KEVM,,,,,,,
MN,FAIRMONT MUNI,KFRM,,,,,,,
MN,FARIBAULT MUNI,KFBL,,,,,,,
MN,FERGUS FALLS,KFFM,,,,,,,
MN,FLAG ISLAND,KFGN,,,,,,,
MN,FOSSTON,KFSE,,,,,,,
MN,GLENCOE,KGYL,,,,,,,
MN,GLENWOOD,KGHW,,,,,,,
MN,GRAND MARAIS/COO,KCKC,,,,,,,
MN,GRAND MARAIS,KGNA,,,,,,,
MN,GRAND MARAIS,KGRM,,,,,,,
MN,GRAND RAPIDS,KGPZ,,,,,,,
MN,GRANITE FALLS,KGDB,,,,,,,
MN,HALLOCK,KHCO,,,,,,,
MN,HIBBING,KHIB,,,,,,,
MN,HINCKLEY,K04W,,,,,,,
MN,HUTCHINSON,KHCD,,,,,,,
MN,INTERNTNL FALLS,KINL,,,,,,,
MN,JACKSON MUNI,KMJQ,,,,,,,
MN,LAKE ELMO,K21D,,,,,,,
MN,LITCHFIELD,KLJF,,,,,,,
MN,LITTLE FALLS,KLXL,,,,,,,
MN,LONG PRAIRIE,K14Y,,,,,,,
MN,LONGVILLE,KXVG,,,,,,,
MN,LUVERNE,KLYV,,,,,,,
MN,MADISON,KDXX,,,,,,,
MN,MAHNOMEN,K3N8,,,,,,,
MN,MANKATO,KMKT,,,,,,,
MN,MAPLE LAKE,KMGG,,,,,,,
MN,MARSHALL/RYAN,KMML,,,,,,,
MN,MCGREGOR/IVERSON,KHZX,,,,,,,
MN,MINNEAPLS/BLAINE,KANE,,,,,,,
MN,MINNEAPOLIS,KMSP,,,,,,,
MN,MNPLS/AIRLAKE,KLVN,,,,,,,
MN,MNPLS/CRYSTAL,KMIC,,,,,,,
MN,MNPLS/FLYING CLD,KFCM,,,,,,,
MN,MONTEVIDEO,KMVE,,,,,,,
MN,MOORHEAD MUNI,KJKJ,,,,,,,
MN,MOOSE LAKE,KMZH,,,,,,,
MN,MORA,KJMR,,,,,,,
MN,MORRIS MUNI,KMOX,,,,,,,
MN,NEW ULM MUNI,KULM,,,,,,,
MN,OLIVIA,KOVL,,,,,,,
MN,ORR,KORB,,,,,,,
MN,ORTONVILLE,KVVV,,,,,,,
MN,OWATONNA,KOWA,,,,,,,
MN,PARK RAPIDS,KPKD,,,,,,,
MN,PAYNESVILLE,KPEX,,,,,,,
MN,PINE RIVER REGIO,KPWC,,,,,,,
MN,PIPESTONE,KPQN,,,,,,,
MN,PRESTON,KFKA,,,,,,,
MN,PRINCETON MUNI,KPNM,,,,,,,
MN,RED WING,KRGK,,,,,,,
MN,REDWOOD FALL,KRWF,,,,,,,
MN,ROCHESTER,KRST,,,,,,,
MN,ROSEAU MUNI,KROX,,,,,,,
MN,RUSH CITY,KROS,,,,,,,
MN,SAUK CENTRE,KD39,,,,,,,
MN,SILVER BAY,KBFW,,,,,,,
MN,SLAYTON,KDVP,,,,,,,
MN,SOUTH ST PAUL,KSGS,,,,,,,
MN,STANTON,KSYN,,,,,,,
MN,STAPLES,KSAZ,,,,,,,
MN,ST. CLOUD,KSTC,,,,,,,
MN,ST. JAMES,KJYG,,,,,,,
MN,ST MARY HOSPITAL,K9MN,,,,,,,
MN,ST. PAUL,KSTP,,,,,,,
MN,THIEF RIVER,KTVF,,,,,,,
MN,TOFTE (RAMOS),KP61,,,,,,,
MN,TRACY,KTKC,,,,,,,
MN,TWO HARBORS,KTWM,,,,,,,
MN,WADENA MUNI,KADC,,,,,,,
MN,WALKER MUNI,KY49,,,,,,,
MN,WARROAD,KRRT,,,,,,,
MN,WASECA,KACQ,,,,,,,
MN,WASKISH MUNI,KVWU,,,,,,,
MN,WHEATON NDB,KETH,,,,,,,
MN,WILLMAR MUNI,KBDH,,,,,,,
MN,WILLMAR/RICE,KILL,,,,,,,
MN,WINDOM MUNI AIRP,KMWM,,,,,,,
MN,WINONA MUNI,KONA,,,,,,,
MN,WORTHINGTON,KOTG,,,,,,,
MO,BOONVILLE,KVER,,,,,,,
MO,BRANSON,KBBG,,,,,,,
MO,BRANSON WEST,KFWB,,,,,,,
MO,CAMDENTON,KH21,,,,,,,
MO,CAMDENTON,KOZS,,,,,,,
MO,CAMERON,KEZZ,,,,,,,
MO,CAPE GIRARDEAU,KCGI,,,,,,,
MO,CHILLICOTHE,KCDJ,,,,,,,
MO,CLINTON,KGLY,,,,,,,
MO,COLUMBIA,KCOU,,,,,,,
MO,FARMINGTON,KFAM,,,,,,,
MO,FORT LEONARD WOO,KTBN,,,,,,,
MO,GRANDVIEW,KGVW,,,,,,,
MO,HANNIBAL,KHAE,,,,,,,
MO,HARRISONVILLE,KLRY,,,,,,,
MO,JEFFERSON CITY,KJEF,,,,,,,
MO,JOPLIN,KJLN,,,,,,,
MO,KAISER MEM,KAIZ,,,,,,,
MO,KANSAS CITY/DNTN,KMKC,,,,,,,
MO,KANSAS CITY/INTL,KMCI,,,,,,,
MO,KENNETT,KTKX,,,,,,,
MO,KIRKSVILLE,KIRK,,,,,,,
MO,LEBANON,KLBO,,,,,,,
MO,LEES SUMMIT MUNI,KLXT,,,,,,,
MO,MALDEN,KMAW,,,,,,,
MO,MARSHALL,KMHL,,,,,,,
MO,MARYVILLE,KEVU,,,,,,,
MO,MEXICO,KMYJ,,,,,,,
MO,MOBERLY,KMBY,,,,,,,
MO,MONETT,KHFJ,,,,,,,
MO,MOSBY,KGPH,,,,,,,
MO,NEOSHO,KEOS,,,,,,,
MO,NEVADA,KNVD,,,,,,,
MO,PERRYVILLE,KK02,,,,,,,
MO,PERRYVILLE,KPCD,,,,,,,
MO,PIEDMONT,KPYN,,,,,,,
MO,POPULAR BLUFF,KPOF,,,,,,,
MO,SEDALIA,KDMO,,,,,,,
MO,SIKESTON,KSIK,,,,,,,
MO,SPICKARD,KP35,,,,,,,
MO,SPRINGFIELD,KSGF,,,,,,,
MO,ST CHARLES,KSET,,,,,,,
MO,ST JOSEPH,KSTJ,,,,,,,
MO,ST LOUIS,KSTL,,,,,,,
MO,ST LOUIS/SPIRIT,KSUS,,,,,,,
MO,SULLIVAN,KUUV,,,,,,,
MO,VICHY/ROLLA,KVIH,,,,,,,
MO,WARRENSBURG SKYH,KRCM,,,,,,,
MO,WARSAW,KRAW,,,,,,,
MO,WASHINGTON,KFYG,,,,,,,
MO,WEST PLAINS,KUNO,,,,,,,
MO,WHITEMAN AFB,KSZL,,,,,,,
MS,ABERDEEN/AMORY,KM40,,,,,,,
MS,BAY ST LOUIS,KHSA,,,,,,,
MS,BELMONT,K01M,,,,,,,
MS,BILOXI/KEESLER,KBIX,,,,,,,
MS,BROOKHAVEN,K1R7,,,,,,,
MS,CLARKSDALE,KCKM,,,,,,,
MS,CLEVELAND,KRNV,,,,,,,
MS,COLUMBIA/MARION,K0R0,,,,,,,
MS,COLUMBUS AFB,KCBM,,,,,,,
MS,CORINTH/R TURNER,KCRX,,,,,,,
MS,GOLDEN/COLUMBUS,KGTR,,,,,,,
MS,GREENVILLE,KGLH,,,,,,,
MS,GREENWOOD,KGWO,,,,,,,
MS,GRENADA,KGNF,,,,,,,
MS,GULFPORT,KGPT,,,,,,,
MS,HATTIESBURG,KHBG,,,,,,,
MS,INDIANOLA,KIDL,,,,,,,
MS,INNOVATOR OILP,KMYT,,,,,,,
MS,JACKSON/HAWKINS,KHKS,,,,,,,
MS,JACKSON,KJAN,,,,,,,
MS,LAUREL,KLUL,,,,,,,
MS,MADISON,KMBO,,,,,,,
MS,MCCOMB,KMCB,,,,,,,
MS,MERIDIAN/KEY FLD,KMEI,,,,,,,
MS,MERIDIAN NAS,KNMM,,,,,,,
MS,MERIDIAN RANGE,KNJW,,,,,,,
MS,NATCHEZ/HARDY,KHEZ,,,,,,,
MS,OLIVE BRANCH,KOLV,,,,,,,
MS,OXFORD,KUOX,,,,,,,
MS,PANOLA,KPMU,,,,,,,
MS,PASCAGOULA,KPGL,,,,,,,
MS,PASCAGOULA,KPQL,,,,,,,
MS,PICAYUNE,KMJD,,,,,,,
MS,PINE BELT RGNL,KPIB,,,,,,,
MS,RAYMOND,KJVW,,,,,,,
MS,STARKVILLE,KSTF,,,,,,,
MS,TUNICA,KUTA,,,,,,,
MS,TUPELO,KTUP,,,,,,,
MS,VICKSBURG,KVKS,,,,,,,
MS,WEST DELTA 27A,KDLP,,,,,,,
MS,WINONA,K5A6,,,,,,,
MT,ALPHA,K1AM,,,,,,,
MT,ANACONDA,K3U3,,,,,,,
MT,BAKER,KBHK,,,,,,,
MT,BIG TIMBER,K6S0,,,,,,,
MT,BILLINGS,KBIL,,,,,,,
MT,BOZEMAN,KBZN,,,,,,,
MT,BRAVO,K1BM,,,,,,,
MT,BROWNING,K8S0,,,,,,,
MT,BUTTE,KBTM,,,,,,,
MT,CHARLIE,K1CM,,,,,,,
MT,CHINOOK,KS71,,,,,,,
MT,CHOTEAU,KCII,,,,,,,
MT,CIRCLE,K4U6,,,,,,,
MT,COLSTRIP,KM46,,,,,,,
MT,CULBERTSON,KS85,,,,,,,
MT,CUT BANK,KCTB,,,,,,,
MT,DEER LODGE,K38S,,,,,,,
MT,DELTA,K1DM,,,,,,,
MT,DILLON,KDLN,,,,,,,
MT,DRUMMOND,K3DU,,,,,,,
MT,ECHO,K1EM,,,,,,,
MT,EKALAKA,K97M,,,,,,,
MT,ENNIS BIG SKY,KEKS,,,,,,,
MT,EUREKA,K88M,,,,,,,
MT,FORSYTH,K1S3,,,,,,,
MT,FORT BENTON,K79S,,,,,,,
MT,FOXTROT,K1FM,,,,,,,
MT,GLASGOW,KGGW,,,,,,,
MT,GLENDIVE,KGDV,,,,,,,
MT,GOLF,K1GM,,,,,,,
MT,GREAT FALLS,KGTF,,,,,,,
MT,HAMILTON/RAVALLI,K6S5,,,,,,,
MT,HARDIN,K00U,,,,,,,
MT,HARLOWTON,K3HT,,,,,,,
MT,HAVRE,KHVR,,,,,,,
MT,HELENA,KHLN,,,,,,,
MT,HOTEL,K1HM,,,,,,,
MT,INDIA,K1IM,,,,,,,
MT,JORDAN,KJDN,,,,,,,
MT,JULIE,K1JM,,,,,,,
MT,KALISPELL,KGPI,,,,,,,
MT,KILO,K1KM,,,,,,,
MT,LAUREL,K6S8,,,,,,,
MT,LEWISTOWN,KLWT,,,,,,,
MT,LIBBY,KS59,,,,,,,
MT,LIMA,K1LM,,,,,,,
MT,LIVINGSTON,KLVM,,,,,,,
MT,MALMSTROM AFB,KGFA,,,,,,,
MT,MALTA,KM75,,,,,,,
MT,MIKE,K1MM,,,,,,,
MT,MILES CITY,KMLS,,,,,,,
MT,MISSOULA,KMSO,,,,,,,
MT,N BAR RANCH,KMVH,,,,,,,
MT,NOVEMBER,K1NM,,,,,,,
MT,OSCAR,K1OM,,,,,,,
MT,PLAINS,KS34,,,,,,,
MT,PLENTYWOOD,KPWD,,,,,,,
MT,POPLAR,KPO1,,,,,,,
MT,RONAN,K7S0,,,,,,,
MT,ROUNDUP,KRPX,,,,,,,
MT,SCOBEY,K9S2,,,,,,,
MT,SIDNEY RICHLAND,KSDY,,,,,,,
MT,THOMPSON FALLS,K3TH,,,,,,,
MT,TWIN BRIDGES,K7S1,,,,,,,
MT,WEST YELLOWSTONE,KWEY,,,,,,,
MT,WEST YELLOWSTONE,KWYS,,,,,,,
MT,WHITE SULPHUR SP,K7S6,,,,,,,
MT,WOLF POINT,KOLF,,,,,,,
NC,AHOSKIE/TRI COUN,KASJ,,,,,,,
NC,ALBEMARLE STANLY,KVUJ,,,,,,,
NC,ANDREWS,KRHP,,,,,,,
NC,ASHEBORO MUNI,KHBI,,,,,,,
NC,ASHEVILLE,KAVL,,,,,,,
NC,BEAUFORT,KMRH,,,,,,,
NC,BOGUE/SWANSBORO,KNJM,,,,,,,
NC,BOONE WATAUGA CT,KTNB,,,,,,,
NC,BURLINGTON,KBUY,,,,,,,
NC,CAPE HATTERAS,KHAT,,,,,,,
NC,CHAPEL HILL,KIGX,,,,,,,
NC,CHARLOTTE,KCLT,,,,,,,
NC,CHERRY POINT,KNKT,,,,,,,
NC,CLINTON,KCTZ,,,,,,,
NC,CONCORD REG ARPT,KJQF,,,,,,,
NC,CURRITUCK,KONX,,,,,,,
NC,DAVIDSON CTY AP,KEXX,,,,,,,
NC,EDENTON,KEDE,,,,,,,
NC,ELIZABETH CITY,KECG,,,,,,,
NC,ELIZABETHTOWN,KEYF,,,,,,,
NC,ENGELHARD/HYDE,K7W6,,,,,,,
NC,ERWIN/HARNETT CO,KHRJ,,,,,,,
NC,FAYETTEVILLE,KFAY,,,,,,,
NC,FORT BRAGG/SIMMO,KFBG,,,,,,,
NC,GASTONIA,KAKH,,,,,,,
NC,GOLDSBORO/S. J.,KGSB,,,,,,,
NC,GOLDSBORO/WAYNE,KGWW,,,,,,,
NC,GREENSBORO,KGSO,,,,,,,
NC,HALIFAX NORTHAMP,KIXA,,,,,,,
NC,HATTERAS/MITCHEL,KHSE,,,,,,,
NC,HENDERSON/OXFORD,KHNZ,,,,,,,
NC,HICKORY,KHKY,,,,,,,
NC,HOFFMAN/MACKALL,KHFF,,,,,,,
NC,JACKSONVILLE,KOAJ,,,,,,,
NC,JEFFERSON,KGEV,,,,,,,
NC,KENANSVILLE/DUPL,KDPL,,,,,,,
NC,KILL DEVIL HILLS,KFFA,,,,,,,
NC,KINSTON/STALLING,KISO,,,,,,,
NC,LINCOLNTON,KIPJ,,,,,,,
NC,LOUISBURG/FRANKL,KLHZ,,,,,,,
NC,LUMBERTON,KLBT,,,,,,,
NC,MACON/FRANKLIN,K1A5,,,,,,,
NC,MANTEO/DARE CO,KMQI,,,,,,,
NC,MAXTON,KMEB,,,,,,,
NC,MONROE,KEQY,,,,,,,
NC,MORGANTON/LENOIR,KMRN,,,,,,,
NC,MOUNT AIRY/SURRY,KMWK,,,,,,,
NC,NEW BERN,KEWN,,,,,,,
NC,NEW RIVER MCAS,KNCA,,,,,,,
NC,PINEY ISLAND,KNBT,,,,,,,
NC,PITT GREENVILLE,KPGV,,,,,,,
NC,POPE AFB,KPOB,,,,,,,
NC,RALEIGH/DURHAM,KRDU,,,,,,,
NC,REIDSVILLE,KSIF,,,,,,,
NC,ROANOKE RAPIDS,KRZZ,,,,,,,
NC,ROCKINGHAM,KRCZ,,,,,,,
NC,ROCKY MOUNT,KRWI,,,,,,,
NC,ROXBORO PERSON,KTDF,,,,,,,
NC,RUTHERFORDTON,KFQD,,,,,,,
NC,SALISBURY ROWAN,KRUQ,,,,,,,
NC,SANFORD,KTTA,,,,,,,
NC,SHELBY MUNI,KEHO,,,,,,,
NC,SILER CITY,K5W8,,,,,,,
NC,SILER CITY,KSCR,,,,,,,
NC,SMITHFIELD JOHNS,KJNX,,,,,,,
NC,SOUTHERN PINES,KSOP,,,,,,,
NC,SOUTHPORT,KSUT,,,,,,,
NC,STATESVILLE,KSVH,,,,,,,
NC,STUMPY POINT,K2DP,,,,,,,
NC,SYLVA,K24A,,,,,,,
NC,TARBORO,KETC,,,,,,,
NC,WADESBORO/ANSON,KAFP,,,,,,,
NC,WASHINGTON,KOCW,,,,,,,
NC,WHITEVILLE,KCPC,,,,,,,
NC,WILKESBORO,KUKF,,,,,,,
NC,WILMINGTON,KILM,,,,,,,
NC,WINSTON SALEM,KINT,,,,,,,
ND,BEACH,K20U,,,,,,,
ND,BISMARCK,KBIS,,,,,,,
ND,BOWMAN MUNI,KBPP,,,,,,,
ND,BOWMAN RGNL,KBWW,,,,,,,
ND,CANDO,K9D7,,,,,,,
ND,CARRINGTON,K46D,,,,,,,
ND,CAVALIER,K2C8,,,,,,,
ND,COOPERSTOWN,KS32,,,,,,,
ND,CROSBY,KD50,,,,,,,
ND,DEVILS LAKE,KDVL,,,,,,,
ND,DEVILS LAKE,KP11,,,,,,,
ND,DICKINSON,KDIK,,,,,,,
ND,FARGO,KFAR,,,,,,,
ND,GARRISON,KN60,,,,,,,
ND,GLEN ULLIN,KD57,,,,,,,
ND,GRAFTON,KGAF,,,,,,,
ND,GRAND FORKS AFB,KRDR,,,,,,,
ND,GRAND FORKS,KGFK,,,,,,,
ND,GWINNER,KGWR,,,,,,,
ND,HARVEY,K5H4,,,,,,,
ND,HAZEN,KHZE,,,,,,,
ND,HETTINGER,KHEI,,,,,,,
ND,JAMESTOWN,KJMS,,,,,,,
ND,LANGDON/ROBERTSN,KD55,,,,,,,
ND,LIDGERWOOD (RAMO,KP67,,,,,,,
ND,LINTON,K7L2,,,,,,,
ND,MANDAN,KY19,,,,,,,
ND,MINOT AFB,KMIB,,,,,,,
ND,MINOT,KMOT,,,,,,,
ND,OAKES,K2D5,,,,,,,
ND,ROLLA,K06D,,,,,,,
ND,RUGBY,KRUG,,,,,,,
ND,STANLEY,K08D,,,,,,,
ND,TIOGA,KD60,,,,,,,
ND,VALLEY CITY,KBAC,,,,,,,
ND,WAHPETON,KBWP,,,,,,,
ND,WALHALLA,K96D,,,,,,,
ND,WATFORD CITY,KS25,,,,,,,
ND,WILLISTON BASIN,KXWA,,,,,,,
ND,WILLISTON,KISN,,,,,,,
NE,AINSWORTH MUNICI,KANW,,,,,,,
NE,ALBION MUNI,KBVN,,,,,,,
NE,ALLIANCE,KAIA,,,,,,,
NE,AURORA,KAUH,,,,,,,
NE,BEATRICE MUNICIP,KBIE,,,,,,,
NE,BENKELMAN-JONES,K42V,,,,,,,
NE,BLAIR MUNI,KBTA,,,,,,,
NE,BRAVO MADIS,K1BW,,,,,,,
NE,BROKEN BOW MUNI,KBBW,,,,,,,
NE,CHADRON,KCDR,,,,,,,
NE,CHAMPION,KCHM,,,,,,,
NE,CHARLIE MADIS,K1CW,,,,,,,
NE,COLUMBUS MUNI,KOLU,,,,,,,
NE,DELTA MADIS,K1DW,,,,,,,
NE,ECHO MADIS,K1EW,,,,,,,
NE,FALLS CITY/BRENN,KFNB,,,,,,,
NE,FOXTROT MADIS,K1FW,,,,,,,
NE,FREMONT MUNI ARP,KFET,,,,,,,
NE,GOLF MADIS,K1GW,,,,,,,
NE,GORDON,KGRN,,,,,,,
NE,GRAND ISLAND,KGRI,,,,,,,
NE,HASTINGS,KHSI,,,,,,,
NE,HEBRON MUNI,KHJH,,,,,,,
NE,HOLDREGE/BREWSTR,KHDE,,,,,,,
NE,HOTEL MADIS,K1HW,,,,,,,
NE,IMPERIAL MUNICIP,KIML,,,,,,,
NE,INDIA MADIS,K1IW,,,,,,,
NE,KEARNEY MUNI,KEAR,,,,,,,
NE,KILO MADIS,K1KW,,,,,,,
NE,KIMBALL MUNI,KIBM,,,,,,,
NE,LEXINGTON,KLXN,,,,,,,
NE,LINCOLN,KLNK,,,,,,,
NE,MCCOOK,KMCK,,,,,,,
NE,NEBRASKA CITY,KAFK,,,,,,,
NE,NORFOLK,KOFK,,,,,,,
NE,NORTH OMAHA,KOVN,,,,,,,
NE,NORTH PLATTE,KLBF,,,,,,,
NE,OFFUTT AFB/BELLE,KOFF,,,,,,,
NE,OGALLALA,KOGA,,,,,,,
NE,OMAHA/EPPLEY,KOMA,,,,,,,
NE,OMAHA/MILLARD,KMLE,,,,,,,
NE,O'NEILL,KONL,,,,,,,
NE,ORD/SHARP FIELD,KODX,,,,,,,
NE,PLATTSMOUTH MUNI,KPMV,,,,,,,
NE,SCOTTSBLUFF,KBFF,,,,,,,
NE,SIDNEY,KSNY,,,,,,,
NE,TEKAMAH,KTQE,,,,,,,
NE,THEDFORD/THOMAS,KTIF,,,,,,,
NE,VALENTINE,KVTN,,,,,,,
NE,WAHOO,KAHQ,,,,,,,
NE,WAYNE MUNI,KLCG,,,,,,,
NE,YORK,KJYR,,,,,,,
NH,BERLIN,KBML,,,,,,,
NH,CONCORD,KCON,,,,,,,
NH,JAFFREY,KAFN,,,,,,,
NH,KEENE/DILLANT,KEEN,,,,,,,
NH,LACONIA MUNI,KLCI,,,,,,,
NH,LEBANON,KLEB,,,,,,,
NH,MANCHESTER,KMHT,,,,,,,
NH,MOUNT WASHINGTON,KMWN,,,,,,,
NH,NASHUA/BOIRE FLD,KASH,,,,,,,
NH,PLYMOUTH,K1P1,,,,,,,
NH,PORTSMOUTH/PEASE,KPSM,,,,,,,
NH,ROCHESTER,KDAW,,,,,,,
NH,WHITEFIELD,KHIE,,,,,,,
NJ,ALEXANDRIA,KN85,,,,,,,
NJ,ANDOVER,K12N,,,,,,,
NJ,ATLANTIC CITY,KACY,,,,,,,
NJ,BELMAR/FARMDALE,KBLM,,,,,,,
NJ,BLAIRSTOWN,K1N7,,,,,,,
NJ,CALDWELL,KCDW,,,,,,,
NJ,CROSS KEYS,K17N,,,,,,,
NJ,HAMMONTON,KN81,,,,,,,
NJ,LAKEHURST NAS,KNEL,,,,,,,
NJ,LAKEWOOD,KN12,,,,,,,
NJ,LINCOLN PARK,KN07,,,,,,,
NJ,LINDEN,KLDJ,,,,,,,
NJ,LUMBERTON,KN14,,,,,,,
NJ,MANVILLE,K47N,,,,,,,
NJ,MILLVILLE,KMIV,,,,,,,
NJ,MORRISTOWN MUNI,KMMU,,,,,,,
NJ,MOUNT HOLLY,KVAY,,,,,,,
NJ,NEWARK,KEWR,,,,,,,
NJ,OCEAN CITY,K26N,,,,,,,
NJ,OLD BRIDGE,K3N6,,,,,,,
NJ,PITTSTOWN,KN40,,,,,,,
NJ,PRINCETON,K39N,,,,,,,
NJ,ROBBINSVILLE,KN87,,,,,,,
NJ,SOMERVILLE,KSMQ,,,,,,,
NJ,SUSSEX,KFWN,,,,,,,
NJ,TETERBORO,KTEB,,,,,,,
NJ,TOMS RIVER,KMJX,,,,,,,
NJ,TRENTON,KTTN,,,,,,,
NJ,WEST MILFORD,K4N1,,,,,,,
NJ,WILDWOOD,KWWD,,,,,,,
NJ,WOODBINE MUNI,KOBI,,,,,,,
NJ,WRIGHTST/MCGUIRE,KWRI,,,,,,,
NM,ALAMOGORDO WHITE,KALM,,,,,,,
NM,ALBUQUERQUE,KABQ,,,,,,,
NM,ANGEL FIRE,KAXX,,,,,,,
NM,ARTESIA,KATS,,,,,,,
NM,BELEN,KBRG,,,,,,,
NM,BELEN,KE80,,,,,,,
NM,CANNON AFB/CLOVI,KCVS,,,,,,,
NM,CARLSBAD,KCNM,,,,,,,
NM,CHAMA (AWRS),KE33,,,,,,,
NM,CLAYTON,KCAO,,,,,,,
NM,CLINES CORNERS,KCQC,,,,,,,
NM,CLOVIS MUNI,KCVN,,,,,,,
NM,CORONA/LINCOLN,K4CR,,,,,,,
NM,DEMING,KDMN,,,,,,,
NM,DOUBLE EAGLE II,KAEG,,,,,,,
NM,FARMINGTON,KFMN,,,,,,,
NM,GALLUP,KGUP,,,,,,,
NM,GRANTS,KGNT,,,,,,,
NM,HOBBS/LEA CO.,KHOB,,,,,,,
NM,HOLLOMAN AFB,KHMN,,,,,,,
NM,LAS CRUCES INTL,KLRU,,,,,,,
NM,LAS VEGAS,KLVS,,,,,,,
NM,LORDSBURG,KLSB,,,,,,,
NM,LOS ALAMOS,KLAM,,,,,,,
NM,MCGREGOR RANGE,KM63,,,,,,,
NM,MELROSE G RANGE,K4MR,,,,,,,
NM,MORIARTY,K0E0,,,,,,,
NM,MORIARTY,K4MY,,,,,,,
NM,RATON,KRTN,,,,,,,
NM,ROSWELL,KROW,,,,,,,
NM,SANTA FE,KSAF,,,,,,,
NM,SANTA ROSA,KSXU,,,,,,,
NM,SANTA TERESA,K5T6,,,,,,,
NM,SANTA TERESA,KDNA,,,,,,,
NM,SIERRA B/RUIDOSO,KSRR,,,,,,,
NM,SILVER CITY,KSVC,,,,,,,
NM,SOCORRO,KONM,,,,,,,
NM,SPACEPORT AMERIC,K0A0,,,,,,,
NM,TAOS MUNI APT,KSKX,,,,,,,
NM,TORREON/CUBA,K4SL,,,,,,,
NM,TRUTH OR CONSEQ.,KTCS,,,,,,,
NM,TUCUMCARI,KTCC,,,,,,,
NM,WHITE SANDS TEST,K2C2,,,,,,,
NV,AUSTIN,KTMT,,,,,,,
NV,AUSTIN,KU31,,,,,,,
NV,BATTLE MOUNTAIN,KB23,,,,,,,
NV,BOULDER CITY,KBVU,,,,,,,
NV,CARSON CITY,KCXP,,,,,,,
NV,DESERT R/MERCURY,KDRA,,,,,,,
NV,ELKO,KEKO,,,,,,,
NV,ELY,KELY,,,,,,,
NV,EUREKA,K05U,,,,,,,
NV,EUREKA,KP68,,,,,,,
NV,FALLON NAS,KNFL,,,,,,,
NV,INDIAN SPRINGS,KINS,,,,,,,
NV,IND SPRNG RANGE,KL63,,,,,,,
NV,LAS VEGAS,KLAS,,,,,,,
NV,LAS VEGAS/NELLIS,KLSV,,,,,,,
NV,LOVELOCK,KLOL,,,,,,,
NV,MINDEN,KMEV,,,,,,,
NV,NORTH LAS VEGAS,KVGT,,,,,,,
NV,RENO,KRNO,,,,,,,
NV,RENO/STEAD,KRTS,,,,,,,
NV,TONOPAH,KTPH,,,,,,,
NV,TONOPAH RANGE74,KBJN,,,,,,,
NV,VEGAS/HENDERSON,KHND,,,,,,,
NV,WELLS,K9BB,,,,,,,
NV,WILDHORSE RES/EL,KAWH,,,,,,,
NV,WINNEMUCCA,KWMC,,,,,,,
NY,ALBANY,KALB,,,,,,,
NY,BATAVIA,KGVQ,,,,,,,
NY,BINGHAMTON,KBGM,,,,,,,
NY,BROOKHAVEN,KHWV,,,,,,,
NY,BUFFALO/CHEEKTOW,KBUF,,,,,,,
NY,CANANDAIGUA,KD38,,,,,,,
NY,CORTLAND,KN03,,,,,,,
NY,DANSVILLE,KDSV,,,,,,,
NY,DUNKIRK,KDKK,,,,,,,
NY,EAST HAMPTON,KHTO,,,,,,,
NY,ELMIRA,KELM,,,,,,,
NY,ENDICOTT/TRI-CIT,KCZG,,,,,,,
NY,FARMINGDALE,KFRG,,,,,,,
NY,FORT DRUM/WHEELE,KGTB,,,,,,,
NY,FULTON,KFZY,,,,,,,
NY,GLENS FALLS,KGFL,,,,,,,
NY,HAMILTON MUNICIP,KVGC,,,,,,,
NY,HORNELL,K4G6,,,,,,,
NY,HUDSON/COLUMBIA,K1B1,,,,,,,
NY,ISLIP,KISP,,,,,,,
NY,ITHACA/TOMPKINS,KITH,,,,,,,
NY,JAMESTOWN,KJHW,,,,,,,
NY,JOHNSTOWN,KNY0,,,,,,,
NY,MANHATTAN/DWNTWN,KJRB,,,,,,,
NY,MASSENA,KMSS,,,,,,,
NY,MONTAUK,KMTP,,,,,,,
NY,MONTGOMERY,KMGJ,,,,,,,
NY,MONTICELLO,KMSV,,,,,,,
NY,NEWBURGH/STEWART,KSWF,,,,,,,
NY,NIAGARA FALLS,KIAG,,,,,,,
NY,NORWICH,KOIC,,,,,,,
NY,NYC/CENTRAL PARK,KNYC,,,,,,,
NY,NYC/JFK ARPT,KJFK,,,,,,,
NY,NYC/LA GUARDIA,KLGA,,,,,,,
NY,OGDENSBURG INTL,KOGS,,,,,,,
NY,OLEAN,KOLE,,,,,,,
NY,PENN YAN,KPEO,,,,,,,
NY,PLATTSBURGH AFB,KPBG,,,,,,,
NY,PLATTSBURGH,KPLB,,,,,,,
NY,POTSDAM,KPTD,,,,,,,
NY,POUGHKEEPSIE,KPOU,,,,,,,
NY,ROCHESTER,KROC,,,,,,,
NY,ROME/GRIFFISS AF,KRME,,,,,,,
NY,SARANAC LAKE,KSLK,,,,,,,
NY,SARATOGA SPRINGS,K5B2,,,,,,,
NY,SCHENECTADY AIRP,KSCH,,,,,,,
NY,SIDNEY,KN23,,,,,,,
NY,SKANEATELES,K6B9,,,,,,,
NY,SYRACUSE,KSYR,,,,,,,
NY,UTICA,KUCA,,,,,,,
NY,WATERTOWN,KART,,,,,,,
NY,WELLSVILLE,KELZ,,,,,,,
NY,WESTHAMPTON BEAC,KFOK,,,,,,,
NY,WHITE PLAINS,KHPN,,,,,,,
NY,WILLIAMSON/SODUS,KSDC,,,,,,,
OH,AKRON (FULTON),KAKR,,,,,,,
OH,AKRON,KCAK,,,,,,,
OH,ASHTABULA,KHZY,,,,,,,
OH,ATHENS,KUNI,,,,,,,
OH,BATAVIA,KI69,,,,,,,
OH,BELLEFONTAINE,KEDJ,,,,,,,
OH,CAMBRIDGE,KCDI,,,,,,,
OH,CHILLICOTHE,KRZT,,,,,,,
OH,CINCINNAT/LUNKEN,KLUK,,,,,,,
OH,CIRCLEVILLE,KCYO,,,,,,,
OH,CLEVELAND,KBKL,,,,,,,
OH,CLEVELAND,KCLE,,,,,,,
OH,CLEVLND/CUYAHOGA,KCGF,,,,,,,
OH,COLUMBUS/BOLTON,KTZR,,,,,,,
OH,COLUMBUS,KCMH,,,,,,,
OH,COLUMBUS/ST UNIV,KOSU,,,,,,,
OH,DAYTON,KDAY,,,,,,,
OH,DAYTON,KMGY,,,,,,,
OH,DEFIANCE,KDFI,,,,,,,
OH,DELAWARE,KDLZ,,,,,,,
OH,FINDLAY,KFDY,,,,,,,
OH,FLAG CITY,KFBC,,,,,,,
OH,HAMILTON,KHAO,,,,,,,
OH,HARRISON,KI67,,,,,,,
OH,JACKSON,KI43,,,,,,,
OH,LANCASTER,KLHQ,,,,,,,
OH,LEBANON,KI68,,,,,,,
OH,LIMA,KAOH,,,,,,,
OH,LONDON,KUYF,,,,,,,
OH,LORAIN/ELYRIA,KLPR,,,,,,,
OH,MANSFIELD,KMFD,,,,,,,
OH,MARION,KMNN,,,,,,,
OH,MARYSVILLE,KMRT,,,,,,,
OH,MIDDLETOWN/HOOK,KMWO,,,,,,,
OH,MT VERNON/KNOX,K4I3,,,,,,,
OH,NEWARK,KVTA,,,,,,,
OH,NEW PHILADELPHIA,KPHD,,,,,,,
OH,OTTAWA,KOWX,,,,,,,
OH,OXFORD,KOXD,,,,,,,
OH,PORT CLINTON,KPCW,,,,,,,
OH,PORTSMOUTH,KPMH,,,,,,,
OH,RAVENA/PORTAGE,KPOV,,,,,,,
OH,RICKENBACKER ANG,KLCK,,,,,,,
OH,SPRINGFIELD MUNI,KSGH,,,,,,,
OH,TOLEDO,KTDZ,,,,,,,
OH,TOLEDO,KTOL,,,,,,,
OH,URBANA,KI74,,,,,,,
OH,VAN WERT COUNTY,KVNW,,,,,,,
OH,VERSAILLES,KVES,,,,,,,
OH,WAPAKONETA,KAXV,,,,,,,
OH,WASHINGTON COURT,KI23,,,,,,,
OH,WAUSEON,KUSE,,,,,,,
OH,WILLOUGHBY,KLNN,,,,,,,
OH,WILMINGTON,KILN,,,,,,,
OH,WOOSTER,KBJJ,,,,,,,
OH,WRIGHT PATTERSON,KFFO,,,,,,,
OH,XENIA,KI19,,,,,,,
OH,YOUNGSTOWN,KYNG,,,,,,,
OH,ZANESVILLE,KZZV,,,,,,,
OK,ADA,KADH,,,,,,,
OK,ALTUS AFB,KLTS,,,,,,,
OK,ALTUS/QUARTZ MTN,KAXS,,,,,,,
OK,ALVA,KAVK,,,,,,,
OK,ARDMORE/EXEC,K1F0,,,,,,,
OK,ARDMORE,KADM,,,,,,,
OK,ATOKA,KAQR,,,,,,,
OK,BARTLESVILLE,KBVO,,,,,,,
OK,BLACKWELL,KBKN,,,,,,,
OK,CHANDLER,KCQB,,,,,,,
OK,CHICKASHA,KCHK,,,,,,,
OK,CLAREMORE,KGCM,,,,,,,
OK,CLINTON,KCLK,,,,,,,
OK,CLINTON,KCSM,,,,,,,
OK,CUSHING,KCUH,,,,,,,
OK,DUNCAN,KDUC,,,,,,,
OK,DURANT,KDUA,,,,,,,
OK,ELK CITY,KELK,,,,,,,
OK,EL RENO MUNI,KRQO,,,,,,,
OK,ENID/VANCE AFB,KEND,,,,,,,
OK,ENID/WOODRING,KWDG,,,,,,,
OK,FORT SILL,KFSI,,,,,,,
OK,FREDERICK/ALTUS,KFDR,,,,,,,
OK,GAGE,KGAG,,,,,,,
OK,GROVE,KGMJ,,,,,,,
OK,GUTHRIE,KGOK,,,,,,,
OK,GUYMON,KGUY,,,,,,,
OK,HOBART,KHBR,,,,,,,
OK,HUGO,KHHW,,,,,,,
OK,IDABEL,K4O4,,,,,,,
OK,LAWTON,KLAW,,,,,,,
OK,LEXINGTON,KHMY,,,,,,,
OK,MCALESTER,KMLC,,,,,,,
OK,MIAMI,KMIO,,,,,,,
OK,MUSKOGEE,KMKO,,,,,,,
OK,NORMAN/WESTHEIME,KOUN,,,,,,,
OK,OKLA CITY/PAGE,KRCE,,,,,,,
OK,OKLA CITY/SUNDAN,KHSD,,,,,,,
OK,OKLA CITY/WILEY,KPWA,,,,,,,
OK,OKLAHOMA CITY,KOKC,,,,,,,
OK,OKMULGEE,KOKM,,,,,,,
OK,PAULS VALLEY,KPVJ,,,,,,,
OK,PONCA CITY,KPNC,,,,,,,
OK,POTEAU (R KERR),KRKR,,,,,,,
OK,PRYOR,KH71,,,,,,,
OK,SALLISAW,KJSV,,,,,,,
OK,SAND SPRINGS,KOWP,,,,,,,
OK,SEMINOLE,KSRE,,,,,,,
OK,SHAWNEE,KSNL,,,,,,,
OK,STIGLER,KGZL,,,,,,,
OK,STILLWATER,KSWO,,,,,,,
OK,TAHLEQUAH,KTQH,,,,,,,
OK,TINKER AFB,KTIK,,,,,,,
OK,TULSA,KRVS,,,,,,,
OK,TULSA,KTUL,,,,,,,
OK,WATONGA,KJWG,,,,,,,
OK,WEATHERFORD,KOJA,,,,,,,
OK,WOODWARD,KWWR,,,,,,,
OR,ASTORIA,KAST,,,,,,,
OR,AURORA,KUAO,,,,,,,
OR,BAKER,KBKE,,,,,,,
OR,BEND,KBDN,,,,,,,
OR,BROOKINGS,KBOK,,,,,,,
OR,BURNS,KBNO,,,,,,,
OR,CAPE BLANCO (CGS,K92S,,,,,,,
OR,CASCADE LOCKS ST,KCZK,,,,,,,
OR,CLATSOP SPIT,K3CL,,,,,,,
OR,CORVALLIS MUNI A,KCVO,,,,,,,
OR,CRESWELL,K77S,,,,,,,
OR,EUGENE,KEUG,,,,,,,
OR,FLORENCE MUNI,K6S2,,,,,,,
OR,GOLD BEACH,K4S1,,,,,,,
OR,GRANTS PASS,K3S8,,,,,,,
OR,HERMISTON,KHRI,,,,,,,
OR,HILLSBORO/PORTLD,KHIO,,,,,,,
OR,HOOD RIVER,K4S2,,,,,,,
OR,JOSEPH,KJSY,,,,,,,
OR,JOHN DAY STATE,KGCD,,,,,,,
OR,KLAMATH FALLS,KLMT,,,,,,,
OR,LA GRANDE,KLGD,,,,,,,
OR,LAKEVIEW,KLKV,,,,,,,
OR,MADRAS,KS33,,,,,,,
OR,MCMINNVILLE,KMMV,,,,,,,
OR,MEACHAM,KMEH,,,,,,,
OR,MEDFORD,KMFR,,,,,,,
OR,NEWPORT,KJNW,,,,,,,
OR,NEWPORT,KONP,,,,,,,
OR,NORTH BEND,KOTH,,,,,,,
OR,ONTARIO,KONO,,,,,,,
OR,PENDLETON,KPDT,,,,,,,
OR,PORTLAND,KPDX,,,,,,,
OR,PRINEVILLE,KS39,,,,,,,
OR,REDMOND,KRDM,,,,,,,
OR,ROME,KP88,,,,,,,
OR,ROME,KREO,,,,,,,
OR,ROOSTER ROCK,KRRK,,,,,,,
OR,ROSEBURG,KRBG,,,,,,,
OR,SALEM,KSLE,,,,,,,
OR,SCAPPOOSE,KSPB,,,,,,,
OR,SEA LION CAVES,K2SL,,,,,,,
OR,SEXTON SUMMIT,KSXT,,,,,,,
OR,SUNRIVER,KS21,,,,,,,
OR,THE DALLES,KDLS,,,,,,,
OR,TILLAMOOK,KTMK,,,,,,,
OR,TROUTDALE,KTTD,,,,,,,
PA,ALLENTOWN,KABE,,,,,,,
PA,ALLENTOWN QUEEN,KXLL,,,,,,,
PA,ALTOONA,KAOO,,,,,,,
PA,AVOCA/WILKES B.,KAVP,,,,,,,
PA,BEAVER FALLS ARP,KBVI,,,,,,,
PA,BEDFORD,KHMZ,,,,,,,
PA,BRADFORD,KBFD,,,,,,,
PA,BUTLER CO.,KBTP,,,,,,,
PA,CLEARFIELD,KFIG,,,,,,,
PA,COATESVILLE,KMQS,,,,,,,
PA,DOYLESTOWN,KDYL,,,,,,,
PA,DU BOIS,KDUJ,,,,,,,
PA,ERIE,KERI,,,,,,,
PA,FOUNTAIN DALE,KRYT,,,,,,,
PA,FRANKLIN,KFKL,,,,,,,
PA,GROVE CITY,K29D,,,,,,,
PA,HARRISBURG,KCXY,,,,,,,
PA,HAZLETON,KHZL,,,,,,,
PA,INDIANA/STEWART,KIDI,,,,,,,
PA,JOHNSTOWN,KJST,,,,,,,
PA,LANCASTER,KLNS,,,,,,,
PA,LATROBE/WESTMORL,KLBE,,,,,,,
PA,LEHIGHTON,K22N,,,,,,,
PA,LOCK HAVEN,KLHV,,,,,,,
PA,MEADVILLE,KGKJ,,,,,,,
PA,MIDDLETOWN,KMDT,,,,,,,
PA,MT. POCONO,KMPO,,,,,,,
PA,MUIR AAF/INDIANT,KMUI,,,,,,,
PA,NEW CASTLE MUNI,KUCP,,,,,,,
PA,PERKASIE,KCKZ,,,,,,,
PA,PHILADELPHIA,KPHL,,,,,,,
PA,PHILADELPHIA/NE,KPNE,,,,,,,
PA,PHILIPSBURG/MID,KPSB,,,,,,,
PA,PHILLY WINGS F,KLOM,,,,,,,
PA,PITTSBURGH/ALLEG,KAGC,,,,,,,
PA,PITTSBURGH,KPIT,,,,,,,
PA,POTTSTOWN,KPTW,,,,,,,
PA,QUAKERTOWN ARP,KUKT,,,,,,,
PA,READING,KRDG,,,,,,,
PA,REEDSVILLE,KRVL,,,,,,,
PA,SELINSGROVE,KSEG,,,,,,,
PA,SOMERSET,K2G9,,,,,,,
PA,STATE COLLEGE,KUNV,,,,,,,
PA,ST MARYS,KOYM,,,,,,,
PA,TOWANDA,KN27,,,,,,,
PA,WASHINGTON,KAFJ,,,,,,,
PA,WELLSBORO/GRAND,KN38,,,,,,,
PA,WEST CHESTER,KOQN,,,,,,,
PA,WILLIAMSPORT,KIPT,,,,,,,
PA,YORK,KTHV,,,,,,,
PA,ZELIENOPLE,KPJC,,,,,,,
RI,BLOCK ISLAND,KBID,,,,,,,
RI,NEWPORT,KUUU,,,,,,,
RI,N. KINGSTON/QUON,KOQU,,,,,,,
RI,PAWTUCKET,KSFZ,,,,,,,
RI,PROVIDENCE/GREEN,KPVD,,,,,,,
RI,WESTERLY,KWST,,,,,,,
SC,AIKEN,KAIK,,,,,,,
SC,ALLENDALE CNTY,KAQX,,,,,,,
SC,ANDERSON,KAND,,,,,,,
SC,BARNWELL,KBNL,,,,,,,
SC,BEAUFORT CNTY,KARW,,,,,,,
SC,BEAUFORT MCAS,KNBC,,,,,,,
SC,BERKELEY MONCKS,KMKS,,,,,,,
SC,CAMDEN WOODWARD,KCDN,,,,,,,
SC,CHARLESTON/EXEC,KJZI,,,,,,,
SC,CHARLESTON,KCHS,,,,,,,
SC,CHERAW,KCQW,,,,,,,
SC,CHESTER CATAWBA,KDCM,,,,,,,
SC,CLEMSON,KCEU,,,,,,,
SC,COLUMBIA,KCAE,,,,,,,
SC,COLUMBIA-OWENS,KCUB,,,,,,,
SC,CONWAY-HORRY CTY,KHYW,,,,,,,
SC,DARLINGTON CNTY,KUDG,,,,,,,
SC,FLORENCE,KFLO,,,,,,,
SC,GEORGETOWN,KGGE,,,,,,,
SC,GREENVILLE,KGMU,,,,,,,
SC,GREENVILLE,KGYH,,,,,,,
SC,GREENWOOD,KGRD,,,,,,,
SC,GREER/SPARTANSBG,KGSP,,,,,,,
SC,HARTSVILLE,KHVS,,,,,,,
SC,HILTON HEAD,KHXD,,,,,,,
SC,KINGSTREE,KCKI,,,,,,,
SC,LANCASTER,KLKR,,,,,,,
SC,LAURENS,KLUX,,,,,,,
SC,MANNING,KMNI,,,,,,,
SC,MARION,KMAO,,,,,,,
SC,MARLBORO CNTY,KBBP,,,,,,,
SC,MCENTIRE ANG BAS,KMMT,,,,,,,
SC,MOUNT PLEASANT,KLRO,,,,,,,
SC,MYRTLE BEACH,KMYR,,,,,,,
SC,NEWBERRY,KEOE,,,,,,,
SC,NORTH AUX,KXNO,,,,,,,
SC,NORTH MYRTLE BEA,KCRE,,,,,,,
SC,ORANGEBURG,KOGB,,,,,,,
SC,PICKENS,KLQK,,,,,,,
SC,ROCK HILL,KUZA,,,,,,,
SC,SHAW AFB/SUMTER,KSSC,,,,,,,
SC,SPARTANBURG,KSPA,,,,,,,
SC,SUMMERVILLE,KDYB,,,,,,,
SC,SUMTER,KSMS,,,,,,,
SC,WALTERBORO,KRBW,,,,,,,
SC,WINNSBORO,KFDW,,,,,,,
SD,ABERDEEN,KABR,,,,,,,
SD,ANDOVER,KADR,,,,,,,
SD,BATESLAND US18,KBAT,,,,,,,
SD,BELLE FOURCHE,KBEL,,,,,,,
SD,BELLE FOURCHE,KEFC,,,,,,,
SD,BELVIDERE,KBVD,,,,,,,
SD,BISON,K6V5,,,,,,,
SD,BRANDT,KBRA,,,,,,,
SD,BRITTON,KBTN,,,,,,,
SD,BROOKINGS,KBKX,,,,,,,
SD,BUFFALO,K2WX,,,,,,,
SD,CACTUS FLATS,KCAC,,,,,,,
SD,CHAMBERLAIN,K9V9,,,,,,,
SD,CLARK,K8D7,,,,,,,
SD,CUSTER,KCUT,,,,,,,
SD,DESMET,K6E5,,,,,,,
SD,EAGLE BUTTE,K84D,,,,,,,
SD,EDGEMONT US18,KED0,,,,,,,
SD,ELLSWORTH AFB,KRCA,,,,,,,
SD,ELLSWORTH I90,KEL0,,,,,,,
SD,FAITH,KD07,,,,,,,
SD,FAULKTON,K3FU,,,,,,,
SD,FREDERICK,KFED,,,,,,,
SD,GETTYSBURG,K0D8,,,,,,,
SD,GLAD VLY SD20,KGLV,,,,,,,
SD,GREGORY,K9D1,,,,,,,
SD,HARROLD,KHRD,,,,,,,
SD,HERRIED,KHER,,,,,,,
SD,HOT SPRINGS,KHSR,,,,,,,
SD,HURON,KHON,,,,,,,
SD,JCT SD44 US385,KPAC,,,,,,,
SD,KADOKA,KKAD,,,,,,,
SD,LEMMON,KY22,,,,,,,
SD,LEMMON US12,KLEM,,,,,,,
SD,MADISON,KMDS,,,,,,,
SD,MARTIN,K9V6,,,,,,,
SD,MILLBANK,K1D1,,,,,,,
SD,MILLER,KMKA,,,,,,,
SD,MITCHELL,KMHE,,,,,,,
SD,MOBRIDGE,KMBG,,,,,,,
SD,ONIDA,K98D,,,,,,,
SD,PARKSTON,K8V3,,,,,,,
SD,PHILIP,KPHP,,,,,,,
SD,PIERRE,KPIR,,,,,,,
SD,PINE RIDGE,KIEN,,,,,,,
SD,PLATTE,K1D3,,,,,,,
SD,RAPID CITY,KRAP,,,,,,,
SD,RAPID CITY/WFO,KUNR,,,,,,,
SD,RELIANCE,KREL,,,,,,,
SD,SD-WY BORDR US85,KNE0,,,,,,,
SD,SHERIDAN LAKE RD,KSL0,,,,,,,
SD,SIOUX FALLS,KFSD,,,,,,,
SD,SISSETON,K8D3,,,,,,,
SD,SPEARFISH/CLYDE,KSPF,,,,,,,
SD,STURGIS,K49B,,,,,,,
SD,SUMMIT,KSUM,,,,,,,
SD,TEA,KY14,,,,,,,
SD,TOLSTOY,KTLS,,,,,,,
SD,VERMILLION,KVMR,,,,,,,
SD,VICTOR,KVIC,,,,,,,
SD,VIVIAN,KVIV,,,,,,,
SD,WAGNER,KAGZ,,,,,,,
SD,WALL,K6V4,,,,,,,
SD,WASTA I90,KWTA,,,,,,,
SD,WATERTOWN,KATY,,,,,,,
SD,WEBSTER,K1D7,,,,,,,
SD,WESSINGTON SPRIN,K4X4,,,,,,,
SD,WINNER,KICR,,,,,,,
SD,YANKTON,KYKN,,,,,,,
TN,ATHENS/MCMINN,KMMI,,,,,,,
TN,BOLIVAR/WHITEHST,KM08,,,,,,,
TN,BRISTOL,KTRI,,,,,,,
TN,CHATTANOOGA,KCHA,,,,,,,
TN,CLARKSVILLE,KCKV,,,,,,,
TN,CLEVELAND REG.,KRZR,,,,,,,
TN,COLLEGEDALE,K3M3,,,,,,,
TN,COLUMBIA,KMRC,,,,,,,
TN,COVINGTON,KM04,,,,,,,
TN,CROSSVILLE,KCSV,,,,,,,
TN,DAYTON,K2A0,,,,,,,
TN,DEWITT SPAIN/MEM,KM01,,,,,,,
TN,DICKSON,KM02,,,,,,,
TN,DYERSBURG,KDYR,,,,,,,
TN,ELIZABETHTON,K0A9,,,,,,,
TN,FAYETTEVILLE,KFYM,,,,,,,
TN,FRANKLIN WILKINS,KM52,,,,,,,
TN,GALLATIN,KM33,,,,,,,
TN,GALLATIN,KXNX,,,,,,,
TN,GATLINBURG,KGKT,,,,,,,
TN,GREENEVILLE,KGCY,,,,,,,
TN,HUNTINGDON,KHZD,,,,,,,
TN,JACKSBORO,KJAU,,,,,,,
TN,JACKSON,KMKL,,,,,,,
TN,KNOXVILLE DOWNTO,KDKX,,,,,,,
TN,KNOXVILLE,KTYS,,,,,,,
TN,LAWRENCEBURG,K2M2,,,,,,,
TN,LEBANON,KM54,,,,,,,
TN,LEWISBURG,KLUG,,,,,,,
TN,LEXINGTON,KPVE,,,,,,,
TN,LIVINGSTON,K8A3,,,,,,,
TN,MADISONVILLE,KMNV,,,,,,,
TN,MCMINNVILLE,KRNC,,,,,,,
TN,MEMPHIS,KMEM,,,,,,,
TN,MILLINGTON/88D,KNQA,,,,,,,
TN,MILLINGTON,K2M8,,,,,,,
TN,MORRISTOWN,KMOR,,,,,,,
TN,MURFREESBORO,KMBT,,,,,,,
TN,NASHVILLE,KBNA,,,,,,,
TN,NASHV/JC TUNE,KJWN,,,,,,,
TN,OAK RIDGE,KOQT,,,,,,,
TN,ONEIDA,KSCX,,,,,,,
TN,PARIS HENRY CTY,KPHT,,,,,,,
TN,PORTLAND,K1M5,,,,,,,
TN,PULASKI,KGZS,,,,,,,
TN,ROCKWOOD,KRKW,,,,,,,
TN,SAVANNAH HARDIN,KSNH,,,,,,,
TN,SHELBYVILLE,KSYI,,,,,,,
TN,SMYRNA,KMQY,,,,,,,
TN,SOMERVILLE,KFYE,,,,,,,
TN,SPARTA,KSRB,,,,,,,
TN,SPINGFIELD,KM91,,,,,,,
TN,TULLAHOMA,KTHA,,,,,,,
TN,UNION CITY,KUCY,,,,,,,
TN,WINCHESTER,KBGF,,,,,,,
TX,ABILENE,KABI,,,,,,,
TX,ALAMINOS CANYON,KHHV,,,,,,,
TX,ALICE,KALI,,,,,,,
TX,ALPINE-CASPARIS,KE38,,,,,,,
TX,AMARILLO,KAMA,,,,,,,
TX,ANDREWS,KE11,,,,,,,
TX,ANGLETON,KLBX,,,,,,,
TX,ARLINGTON,KGKY,,,,,,,
TX,ATHENS,KF44,,,,,,,
TX,AUSTIN EXEC,KEDC,,,,,,,
TX,AUSTIN,KAUS,,,,,,,
TX,AUSTIN/MABRY,KATT,,,,,,,
TX,BAY CITY,KBYY,,,,,,,
TX,BEAUMONT,KBMT,,,,,,,
TX,BEAUMONT/PORT AR,KBPT,,,,,,,
TX,BEEVILLE MUNI,KBEA,,,,,,,
TX,BIG LAKE,KE41,,,,,,,
TX,BIG SPRING,KBPG,,,,,,,
TX,BONHAM,KF00,,,,,,,
TX,BORGER,KBGD,,,,,,,
TX,BOWIE,K0F2,,,,,,,
TX,BRADY,KBBD,,,,,,,
TX,BRAZOS 133B OILP,KBBF,,,,,,,
TX,BRAZOS 451 OILP,KBQX,,,,,,,
TX,BRECKENRIDGE,KBKD,,,,,,,
TX,BRENHAM,K11R,,,,,,,
TX,BRIDGEPORT,KXBP,,,,,,,
TX,BROWNSVILLE,KBRO,,,,,,,
TX,BROWNWOOD,KBWD,,,,,,,
TX,BRYAN,KCFD,,,,,,,
TX,BURNET,KBMQ,,,,,,,
TX,CALDWELL,KRWV,,,,,,,
TX,CAMERON,KT35,,,,,,,
TX,CANADIAN,KHHF,,,,,,,
TX,CARRIZO SPRINGS,KCZT,,,,,,,
TX,CARTHAGE,K4F2,,,,,,,
TX,CASTROVILLE MUNI,KCVB,,,,,,,
TX,C. CHRISTI NAS,KNGP,,,,,,,
TX,CENTER,KF17,,,,,,,
TX,CHILDRESS,KCDS,,,,,,,
TX,CISCO,KGZN,,,,,,,
TX,CLARKSVILLE,KLBR,,,,,,,
TX,CLEBURNE,KCPT,,,,,,,
TX,CLEVELAND MUNI,K6R3,,,,,,,
TX,COLEMAN MUNI,KCOM,,,,,,,
TX,COLLEGE STATION,KCLL,,,,,,,
TX,COLUMBUS,K66R,,,,,,,
TX,COMANCHE,KMKN,,,,,,,
TX,CONROE,KCXO,,,,,,,
TX,CORPUS CHRISTI,KCRP,,,,,,,
TX,CORSICANA,KCRS,,,,,,,
TX,COTULLA,KCOT,,,,,,,
TX,CROCKETT,KDKR,,,,,,,
TX,DALHART,KDHT,,,,,,,
TX,DALLAS/ADDISON,KADS,,,,,,,
TX,DALLAS/FT WORTH,KDFW,,,,,,,
TX,DALLAS/LOVE FLD,KDAL,,,,,,,
TX,DALLAS NAS/HENSL,KNBE,,,,,,,
TX,DALLAS/REDBIRD,KRBD,,,,,,,
TX,DECATUR,KLUD,,,,,,,
TX,DEL RIO,KDRT,,,,,,,
TX,DENTON,KDTO,,,,,,,
TX,DIMMIT,KFTN,,,,,,,
TX,DRYDEN,K6R6,,,,,,,
TX,DUMAS/MOORE CTY,KDUX,,,,,,,
TX,DYESS AFB/ABILEN,KDYS,,,,,,,
TX,EAGLE LAKE,KELA,,,,,,,
TX,EASTLAND,KETN,,,,,,,
TX,E BREAKS 165,KEMK,,,,,,,
TX,E BREAKS BOOMVNG,KVAF,,,,,,,
TX,EDINBURG INTL,KEBG,,,,,,,
TX,EL PASO,KELP,,,,,,,
TX,FALFURRIAS,KBKS,,,,,,,
TX,FORT BLISS,KBIF,,,,,,,
TX,FORT STOCKTON,KFST,,,,,,,
TX,FORT WORTH/88D,KFWS,,,,,,,
TX,FORT WORTH,KFTW,,,,,,,
TX,FORT WORTH NAS,KNFW,,,,,,,
TX,FREDERICKSBURG,KT82,,,,,,,
TX,FT HOOD/KILLEEN,KHLR,,,,,,,
TX,FT WORTH/ALLIANC,KAFW,,,,,,,
TX,GAINESVILLE,KGLE,,,,,,,
TX,GALVESTON424 OIL,KGVX,,,,,,,
TX,GALVESTON,KGLS,,,,,,,
TX,GATESVILLE,KGOP,,,,,,,
TX,GEORGETOWN,KGTU,,,,,,,
TX,GIDDINGS-LEE,KGYB,,,,,,,
TX,GILMER MUNI,KJXI,,,,,,,
TX,GONZALES MUNI,KT20,,,,,,,
TX,GRAHAM MUNI,KRPH,,,,,,,
TX,GRANBURY MUNI,KGDJ,,,,,,,
TX,GRAND PRAIRIE,KGPM,,,,,,,
TX,GRAY/FT HOOD,KGRK,,,,,,,
TX,GREENVILLE/MAJOR,KGVT,,,,,,,
TX,GUADALUPE PASS,KGDP,,,,,,,
TX,GUNNISON 668,KGUL,,,,,,,
TX,HAMILTON MUNI,KMNZ,,,,,,,
TX,HARLINGEN,KHRL,,,,,,,
TX,HEARNE MUNI,KLHB,,,,,,,
TX,HEBBRONVILLE,KHBV,,,,,,,
TX,HENDERSON RUSK C,KRFI,,,,,,,
TX,HEREFORD MUNI,KHRX,,,,,,,
TX,HILLSBORO,KINJ,,,,,,,
TX,H ISLAND376 OILP,KHQI,,,,,,,
TX,HONDO,KHDO,,,,,,,
TX,HORSESHOE BAY,KDZB,,,,,,,
TX,HOUSTON/DW HOOKS,KDWH,,,,,,,
TX,HOUSTON/ELLINGTO,KEFD,,,,,,,
TX,HOUSTON EXEC,KTME,,,,,,,
TX,HOUSTON/HOBBY,KHOU,,,,,,,
TX,HOUSTON/INTNL,KIAH,,,,,,,
TX,HOUSTON,KLVJ,,,,,,,
TX,HOUSTON/SOUTHWST,KAXH,,,,,,,
TX,HOUSTON/SUGAR LA,KSGR,,,,,,,
TX,HOUSTON/UNIV,KMCJ,,,,,,,
TX,HUNTSVILLE,KUTS,,,,,,,
TX,INGLESIDE/TP MCC,KTFP,,,,,,,
TX,JACKSONVILLE,KJSO,,,,,,,
TX,JASPER,KJAS,,,,,,,
TX,JUNCTION,KJCT,,,,,,,
TX,KELLY AFB,KSKF,,,,,,,
TX,KENEDY,K2R9,,,,,,,
TX,KERRVILLE,KERV,,,,,,,
TX,KICKAPOO,KCWC,,,,,,,
TX,KILLEEN MUNI,KILE,,,,,,,
TX,KINGSVILLE,KIKG,,,,,,,
TX,KINGSVILLE NAS,KNQI,,,,,,,
TX,LAGO VISTA,KRYW,,,,,,,
TX,LA GRANGE,K3T5,,,,,,,
TX,LAMESA,K2F5,,,,,,,
TX,LAMESA,KLUV,,,,,,,
TX,LAMPASAS,KLZZ,,,,,,,
TX,LANCASTER,KLNC,,,,,,,
TX,LA PORTE,KT41,,,,,,,
TX,LAREDO,KLRD,,,,,,,
TX,LAUGHLIN AFB/AUX,KT70,,,,,,,
TX,LAUGHLIN AFB,KDLF,,,,,,,
TX,LLANO,KAQO,,,,,,,
TX,LONGVIEW,KGGG,,,,,,,
TX,LUBBOCK,KLBB,,,,,,,
TX,LUFKIN,KLFK,,,,,,,
TX,MARFA,KMRF,,,,,,,
TX,MARSHALL,KASL,,,,,,,
TX,MAVERICK CNTY,K5T9,,,,,,,
TX,MCALLEN,KMFE,,,,,,,
TX,MC GREGOR,KPWG,,,,,,,
TX,MCKINNEY,KTKI,,,,,,,
TX,MCMULLEN TARGET,KNMT,,,,,,,
TX,MESQUITE,KHQZ,,,,,,,
TX,MEXIA LIMESTONE,KLXY,,,,,,,
TX,MIDLAND AIRPARK,KMDD,,,,,,,
TX,MIDLAND,KMAF,,,,,,,
TX,MIDLOTHIAN/WAX,KJWY,,,,,,,
TX,MINEOLA/QUITMAN,KJDD,,,,,,,
TX,MINERAL WELLS,KMWL,,,,,,,
TX,MOUNT PLEASANT,KOSA,,,,,,,
TX,MUSTANG A85A OIL,KMZG,,,,,,,
TX,MUSTANG IS31 OIL,KMIU,,,,,,,
TX,NACOGDOCHES,KOCH,,,,,,,
TX,NEW BRAUNFELS,KBAZ,,,,,,,
TX,N PADRE 975,KOPM,,,,,,,
TX,ODESSA,KODO,,,,,,,
TX,ORANGE GROVE,KNOG,,,,,,,
TX,ORANGE,KORG,,,,,,,
TX,OZONA,KOZA,,,,,,,
TX,PALACIOS,KPSX,,,,,,,
TX,PALESTINE MUNI,KPSN,,,,,,,
TX,PAMPA,KPPA,,,,,,,
TX,PAMPA M VISTA R,KBPC,,,,,,,
TX,PARIS/COX FIELD,KPRX,,,,,,,
TX,PECOS CITY,KPEQ,,,,,,,
TX,PERRYTON,KPYX,,,,,,,
TX,PHILLIPS OIL,K25T,,,,,,,
TX,PLAINVIEW,KPVW,,,,,,,
TX,PLEASANTON MUNI,KPEZ,,,,,,,
TX,PORT ARANSAS,KRAS,,,,,,,
TX,PORT ISABEL,KPIL,,,,,,,
TX,PORT LAVACA,KPKV,,,,,,,
TX,PRESIDIO/LELY IN,KPRS,,,,,,,
TX,PRESIDIO/LELY IN,KT77,,,,,,,
TX,RANDOLPH AFB,KRND,,,,,,,
TX,RANGER,K6P9,,,,,,,
TX,REESE AFB/LUBBOC,KREE,,,,,,,
TX,ROBSTOWN/NUECES,KRBO,,,,,,,
TX,ROCKPORT,KRKP,,,,,,,
TX,ROCKSPRINGS,KECU,,,,,,,
TX,ROCKWALL,KF46,,,,,,,
TX,SABINE PASS,KRPE,,,,,,,
TX,SAN ANGELO,KSJT,,,,,,,
TX,SAN ANTONIO,KSAT,,,,,,,
TX,SANDERSON (RAMOS,KP07,,,,,,,
TX,SAN MARCOS,KHYI,,,,,,,
TX,SAN MARCOS,KT98,,,,,,,
TX,S ANTONIO-BOERNE,K5C1,,,,,,,
TX,S ANTONIO/STINSN,KSSF,,,,,,,
TX,SEGUIN,KSEQ,,,,,,,
TX,SEMINOLE,KGNC,,,,,,,
TX,SHERMAN/DENISON,KGYI,,,,,,,
TX,SINTON,KT69,,,,,,,
TX,SNYDER/WINSTON,KSNK,,,,,,,
TX,SONORA,KSOA,,,,,,,
TX,SOUTH PADRE IS,KSPL,,,,,,,
TX,STEPHENVILLE,KSEP,,,,,,,
TX,SULPHUR SPRINGS,KSLR,,,,,,,
TX,SWEETWATER,KSWW,,,,,,,
TX,TAYLOR,KT74,,,,,,,
TX,TEMPLE/MILLER,KTPL,,,,,,,
TX,TERRELL,KTRL,,,,,,,
TX,TYLER,KTYR,,,,,,,
TX,UVALDE/GARNER F,KUVA,,,,,,,
TX,VAN HORN,KVHN,,,,,,,
TX,VERNON WILBARGER,KF05,,,,,,,
TX,VICTORIA,KVCT,,,,,,,
TX,WACO,KACT,,,,,,,
TX,WACO/TSTI,KCNW,,,,,,,
TX,WALKER RIDGE,KJSL,,,,,,,
TX,W CAMERON 368A,KCRH,,,,,,,
TX,WESLACO MIDVALLY,KT65,,,,,,,
TX,WESLACO MIDVALLY,KTXW,,,,,,,
TX,WEST HOUSTON,KIWS,,,,,,,
TX,WHARTON,KARM,,,,,,,
TX,WICHITA FALL,KSPS,,,,,,,
TX,WINK,KINK,,,,,,,
TX,ZAPATA,KAPY,,,,,,,
UT,BLANDING,K4BL,,,,,,,
UT,BLANDING,KBDG,,,,,,,
UT,BRIGHAM CITY,KBMC,,,,,,,
UT,BRYCE CANYON,KBCE,,,,,,,
UT,CEDAR CITY,KCDC,,,,,,,
UT,DELTA,KDTA,,,,,,,
UT,DELTA,KU24,,,,,,,
UT,DUGWAY PRVG GROU,KDPG,,,,,,,
UT,EAGLE RANGE,KU16,,,,,,,
UT,GREEN RIVER RANG,KU28,,,,,,,
UT,HANKSVILLE,K4HV,,,,,,,
UT,HANKSVILLE,KHVE,,,,,,,
UT,HEBER/RUSS MCDON,K36U,,,,,,,
UT,HEBER/RUSS MCDON,KHCR,,,,,,,
UT,HILL AFB/OGDEN,KHIF,,,,,,,
UT,KANAB,KKNB,,,,,,,
UT,LOGAN,KLGU,,,,,,,
UT,MANTI-EPHRAIM,K41U,,,,,,,
UT,MILFORD,KMLF,,,,,,,
UT,MOAB,KCNY,,,,,,,
UT,OGDEN,KOGD,,,,,,,
UT,PANGUITCH,KU55,,,,,,,
UT,PRICE,KPUC,,,,,,,
UT,PROVO MUNI,KPVU,,,,,,,
UT,ROOSEVELT,K74V,,,,,,,
UT,ROOSEVELT,KU67,,,,,,,
UT,SAINT GEORGE,KDXZ,,,,,,,
UT,SAINT GEORGE,KSGU,,,,,,,
UT,SALT LAKE CITY,KSLC,,,,,,,
UT,SALT LAKE MUNI,KU42,,,,,,,
UT,TOOELE,KT62,,,,,,,
UT,TOOELE,KTVY,,,,,,,
UT,VERNAL,KVEL,,,,,,,
UT,WENDOVER (AUT),KENV,,,,,,,
VA,ABINGDON,KVJI,,,,,,,
VA,BLACKSBURG/VA T.,KBCB,,,,,,,
VA,BLACKSTONE/FORT,KBKT,,,,,,,
VA,BRIDGEWATER,KVBW,,,,,,,
VA,BROOKNEAL,K0V4,,,,,,,
VA,BUMPASS,K7W4,,,,,,,
VA,CHARLOTTESVILLE,KCHO,,,,,,,
VA,CHASE CITY,KCXE,,,,,,,
VA,CHESAPEAKE,KCPK,,,,,,,
VA,CLARKSVILLE,KW63,,,,,,,
VA,CREWE,KW81,,,,,,,
VA,CULPEPER,KCJR,,,,,,,
VA,DANVILLE,KDAN,,,,,,,
VA,DUBLIN/NEW RIV,KPSK,,,,,,,
VA,EMPORIA,KEMV,,,,,,,
VA,FARMVILLE,KFVX,,,,,,,
VA,FENTRESS NAVAL,KNFE,,,,,,,
VA,FORT BELVOIR/DAV,KDAA,,,,,,,
VA,FRANKLIN/J B ROS,KFKN,,,,,,,
VA,FREDERICKSB/SHAN,KEZF,,,,,,,
VA,FRONT ROYAL,KFRR,,,,,,,
VA,FT EUSTIS/FELKER,KFAF,,,,,,,
VA,GORDONSVILLE,KGVE,,,,,,,
VA,HILLSVILLE/GALAX,KHLX,,,,,,,
VA,HOT SPRINGS/INGA,KHSP,,,,,,,
VA,JONESVILLE,K0VG,,,,,,,
VA,KENBRIDGE,KW31,,,,,,,
VA,LANGLEY AFB/HAMP,KLFI,,,,,,,
VA,LAWRENCEVILLE,KLVL,,,,,,,
VA,LEESBURG/GODFREY,KJYO,,,,,,,
VA,LOUISA,KLKU,,,,,,,
VA,LURAY,KLUA,,,,,,,
VA,LYNCHBURG,KLYH,,,,,,,
VA,MANASSAS MUNI,KHEF,,,,,,,
VA,MARION / WYTHEVI,KMKJ,,,,,,,
VA,MARTINSVILLE,KMTV,,,,,,,
VA,MELFA/ACCOMACK,KMFV,,,,,,,
VA,NEW MARKET,K8W2,,,,,,,
VA,NEWPORT NEWS,KPHF,,,,,,,
VA,NORFOLK/HAMPTON,KPVG,,,,,,,
VA,NORFOLK,KORF,,,,,,,
VA,NORFOLK NAS/CHAM,KNGU,,,,,,,
VA,NORFOLK/WAKEFLD,KAKQ,,,,,,,
VA,OCEANA NAS/SOUCE,KNTU,,,,,,,
VA,ORANGE,KOMH,,,,,,,
VA,PETERSBURG,KPTB,,,,,,,
VA,QUANTICO MCAF,KNYG,,,,,,,
VA,QUINTON,KW96,,,,,,,
VA,RICHLANDS,KJFZ,,,,,,,
VA,RICHMOND/CHESTER,KFCI,,,,,,,
VA,RICHMOND/HANOVER,KOFP,,,,,,,
VA,RICHMOND,KRIC,,,,,,,
VA,ROANOKE,KROA,,,,,,,
VA,SALUDA,KW75,,,,,,,
VA,SOUTH BOSTON,KW78,,,,,,,
VA,SOUTH HILL/MECKL,KAVC,,,,,,,
VA,STAFFORD REGNL,KRMN,,,,,,,
VA,STAUNTON/SHENAND,KSHD,,,,,,,
VA,SUFFOLK,KSFQ,,,,,,,
VA,TANGIER ISLAND,KTGI,,,,,,,
VA,TAPPAHANNOCK,KXSA,,,,,,,
VA,WALLOPS ISLAND,KWAL,,,,,,,
VA,WARRENTON,KHWY,,,,,,,
VA,WASH DC/DULLES,KIAD,,,,,,,
VA,WAYNESBORO,KW13,,,,,,,
VA,WEST POINT,KFYJ,,,,,,,
VA,WILLIAMSBURG,KJGG,,,,,,,
VA,WINCHESTER RGNL,KOKV,,,,,,,
VA,WISE/LONESOME PI,KLNP,,,,,,,
VT,BENNINGTON,KDDH,,,,,,,
VT,BURLINGTON,KBTV,,,,,,,
VT,HIGHGATE,KFSO,,,,,,,
VT,LYNDONVILLE,KCDA,,,,,,,
VT,MIDDLEBURY,K6B0,,,,,,,
VT,MONTPELIER/BARRE,KMPV,,,,,,,
VT,MORRISVILLE,KMVL,,,,,,,
VT,NEWPORT STATE,KEFK,,,,,,,
VT,RUTLAND STATE,KRUT,,,,,,,
VT,SPRINGFIELD,KVSF,,,,,,,
VT,ST. JOHNSBURY,K1V4,,,,,,,
WA,ARLINGTON MUNI,KAWO,,,,,,,
WA,BELLINGHAM,KBLI,,,,,,,
WA,BREMERTON NTNL,KPWT,,,,,,,
WA,BURLINGTON/MT V,KBVS,,,,,,,
WA,CHEHALIS CENTRAL,KCLS,,,,,,,
WA,COLVILLE MUNICIP,KCQV,,,,,,,
WA,DEER PARK,KDEW,,,,,,,
WA,EASTSOUND/ORCAS,KORS,,,,,,,
WA,ELLENSBURG,KELN,,,,,,,
WA,EPHRATA,KEPH,,,,,,,
WA,EVERETT,KPAE,,,,,,,
WA,FAIRCHILD AFB,KSKA,,,,,,,
WA,FORT LEWIS/GRAY,KGRF,,,,,,,
WA,FRIDAY HARBOR,KFHR,,,,,,,
WA,HANFORD,KHMS,,,,,,,
WA,HOQUIAM,KHQM,,,,,,,
WA,KELSO LONGVEIW,KKLS,,,,,,,
WA,METHOW VALLEY,KS52,,,,,,,
WA,MOSES LAKE,KMWH,,,,,,,
WA,OAK HARBOR AIRPA,KOKH,,,,,,,
WA,OLYMPIA,KOLM,,,,,,,
WA,OMAK,KOMK,,,,,,,
WA,PASCO,KPSC,,,,,,,
WA,PORT ANGELES CGA,KNOW,,,,,,,
WA,PORT ANGELES,KCLM,,,,,,,
WA,PORT TOWNSEND,K0S9,,,,,,,
WA,PULLMAN/MOSCOW,KPUW,,,,,,,
WA,PUYALLUP/THUN,KPLU,,,,,,,
WA,QUILLAYUTE,KUIL,,,,,,,
WA,RENTON,KRNT,,,,,,,
WA,RICHLAND,KRLD,,,,,,,
WA,SEATTLE/BOEING,KBFI,,,,,,,
WA,SEATTLE/METRO,KSEA,,,,,,,
WA,SHELTON,KSHN,,,,,,,
WA,SPOKANE/FELTS,KSFF,,,,,,,
WA,SPOKANE/METRO,KGEG,,,,,,,
WA,STAMPEDE PASS,KSMP,,,,,,,
WA,SUNNYSIDE,K1S5,,,,,,,
WA,TACOMA,KTIW,,,,,,,
WA,TACOMA/MC CHORD,KTCM,,,,,,,
WA,TOLEDO WINLOCK M,KTDO,,,,,,,
WA,VANCOUVER,KVUO,,,,,,,
WA,WALLA WALLA,KALW,,,,,,,
WA,WENATCHEE,KEAT,,,,,,,
WA,WHIDBEY IS. NAS,KNUW,,,,,,,
WA,YAGABOND AAF,K1YT,,,,,,,
WA,YAKIMA,KYKM,,,,,,,
WA,YAKIMA TRAINING,K1QW,,,,,,,
WI,ANTIGO/LANGLADE,KAIG,,,,,,,
WI,APPLETON/OUTAGAM,KATW,,,,,,,
WI,ASHLAND,KASX,,,,,,,
WI,ASHWAUBENON,KGRB,,,,,,,
WI,BLACK RIVER FALL,KBCK,,,,,,,
WI,BOSCOBEL,KOVS,,,,,,,
WI,BURLINGTON,KBUU,,,,,,,
WI,CHETEK,KY23,,,,,,,
WI,CLINTONVILLE,KCLI,,,,,,,
WI,CUMBERLAND,KUBE,,,,,,,
WI,DELLS/BARABOO,KDLL,,,,,,,
WI,EAGLE RIVER,KEGV,,,,,,,
WI,EAST TROY,K57C,,,,,,,
WI,EAU CLAIRE,KEAU,,,,,,,
WI,EPHRAIM,K3D2,,,,,,,
WI,FOND DU LAC,KFLD,,,,,,,
WI,HAYWARD,KHYR,,,,,,,
WI,JANESVILLE/ROCK,KJVL,,,,,,,
WI,JUNEAU,KUNU,,,,,,,
WI,KENOSHA,KENW,,,,,,,
WI,LA CROSSE,KLSE,,,,,,,
WI,LADYSMITH/RUSK,KRCX,,,,,,,
WI,LAND O LAKES,KLNL,,,,,,,
WI,LA POINTE,K4R5,,,,,,,
WI,LONE ROCK,KLNR,,,,,,,
WI,MADISON,KMSN,,,,,,,
WI,MANITOWAC MUNI,KMTW,,,,,,,
WI,MANITOWISH WATER,KD25,,,,,,,
WI,MARSHFIELD,KMFI,,,,,,,
WI,MAUSTON,K82C,,,,,,,
WI,MEDFORD,KMDZ,,,,,,,
WI,MENOMONIE MUNI,KLUM,,,,,,,
WI,MERRILL,KRRL,,,,,,,
WI,MIDDLETON,KC29,,,,,,,
WI,MILWAUKEE,KMKE,,,,,,,
WI,MILWAUKEE/LAWREN,KMWC,,,,,,,
WI,MINERAL POINT,KMRJ,,,,,,,
WI,MINOCQUA/WOODRUF,KARV,,,,,,,
WI,MONROE,KEFT,,,,,,,
WI,MOSINEE/CENTRAL,KCWA,,,,,,,
WI,NEW RICHMOND MUN,KRNH,,,,,,,
WI,OCONTO,KOCQ,,,,,,,
WI,OSCEOLA,KOEO,,,,,,,
WI,OSHKOSH,KOSH,,,,,,,
WI,PHILLIPS/PRICE,KPBH,,,,,,,
WI,PLATTEVILLE,KPVB,,,,,,,
WI,PRAIRIE DU CHIEN,KPDC,,,,,,,
WI,RACINE,KRAC,,,,,,,
WI,REEDSBURG,KC35,,,,,,,
WI,RHINELANDER,KRHI,,,,,,,
WI,RICE LAKE,KRPD,,,,,,,
WI,SHAWANO MUNI,KEZS,,,,,,,
WI,SHEBOYGAN,KSBM,,,,,,,
WI,SIREN,KRZN,,,,,,,
WI,SOLON SPRINGS,KOLG,,,,,,,
WI,SPARTA/MCCOY AAF,KCMY,,,,,,,
WI,STEVENS POINT,KSTE,,,,,,,
WI,STURGEON BAY,KSUE,,,,,,,
WI,SUPERIOR,KSUW,,,,,,,
WI,TOMAHAWK REGNL,KTKV,,,,,,,
WI,VIROQUA MUNI,KY51,,,,,,,
WI,VOLK/CAMP DOUGLA,KVOK,,,,,,,
WI,WASHINGTON ISLAN,K2P2,,,,,,,
WI,WATERTOWN,KRYV,,,,,,,
WI,WAUKESHA CNTY,KUES,,,,,,,
WI,WAUPACA,KPCZ,,,,,,,
WI,WAUSAU,KAUW,,,,,,,
WI,WAUTOMA,KY50,,,,,,,
WI,WEST BEND,KETB,,,,,,,
WI,WISCONSIN RAPIDS,KISW,,,,,,,
WV,BECKLEY,KBKW,,,,,,,
WV,BLUEFIELD,KBLF,,,,,,,
WV,BUCKHANNON,KW22,,,,,,,
WV,CHARLESTON,KCRW,,,,,,,
WV,CLARKSBURG,KCKB,,,,,,,
WV,ELKINS,KEKN,,,,,,,
WV,HUNTINGTON,KHTS,,,,,,,
WV,LEWISBURG/GREENB,KLWB,,,,,,,
WV,LOGAN CNTY,K6L4,,,,,,,
WV,MARTINSBURG,KMRB,,,,,,,
WV,MORGANTOWN,KMGW,,,,,,,
WV,PARKERSBURG,KPKB,,,,,,,
WV,PETERSBURG,KW99,,,,,,,
WV,PINEVILLE,KI16,,,,,,,
WV,PT PLEASANT,K3I2,,,,,,,
WV,SUTTON/BRAXTON,K48I,,,,,,,
WV,WHEELING,KHLG,,,,,,,
WV,WHITE SULPHUR SP,KSSU,,,,,,,
WY,20 MILE HILL,KTMH,,,,,,,
WY,AFTON,KAFO,,,,,,,
WY,ALPHA,K1AW,,,,,,,
WY,ALPINE,K46U,,,,,,,
WY,ARLINGTON,KARL,,,,,,,
WY,BEAVER RIM,KBVR,,,,,,,
WY,BELLE FOURCHE,KBFU,,,,,,,
WY,BIG PINEY,KBPI,,,,,,,
WY,BITTERCREEK,KBIT,,,,,,,
WY,BORDEAUX,KBRX,,,,,,,
WY,BOYSEN/THERMOPOL,KTBX,,,,,,,
WY,BUFFALO,KBYG,,,,,,,
WY,CASPER,KCPR,,,,,,,
WY,CEMETERY SEPARA,KCMS,,,,,,,
WY,CHEYENNE,KCYS,,,,,,,
WY,CHIEF JOSEPH,KCHJ,,,,,,,
WY,CODY,KCOD,,,,,,,
WY,CONTINENTAL DIV,KCTD,,,,,,,
WY,COWLEY,KU68,,,,,,,
WY,DEAD HORSE,KDHS,,,,,,,
WY,DEER CREEK,KDRC,,,,,,,
WY,DIXON,KDWX,,,,,,,
WY,DOUGLAS,KDGW,,,,,,,
WY,DUBOIS MUNI,KDUB,,,,,,,
WY,ELK MOUNTAIN,KEHY,,,,,,,
WY,EVANSTON,KEVW,,,,,,,
WY,FIRST DIVIDE,KFIR,,,,,,,
WY,FORT BRIDGER,KFBR,,,,,,,
WY,GILLETTE,KGCC,,,,,,,
WY,GREYBULL,KGEY,,,,,,,
WY,GUERNSEY,KGUR,,,,,,,
WY,GUNBARREL,KGUN,,,,,,,
WY,HILAND,KHLD,,,,,,,
WY,HULETT MUNI,KW43,,,,,,,
WY,I-25 DIVIDE,KIDV,,,,,,,
WY,INYAN KARA,KIKA,,,,,,,
WY,JACKSON,KJAC,,,,,,,
WY,KEMMERER,KEMM,,,,,,,
WY,LANDER,KLND,,,,,,,
WY,LARAMIE,KLAR,,,,,,,
WY,LAVA MOUNTAIN,KAJL,,,,,,,
WY,LUSK,KLSK,,,,,,,
WY,MAMMOTH/YELLOWST,KMMM,,,,,,,
WY,MEETEETSE RIM,KMTR,,,,,,,
WY,NEWCASTLE MONDEL,KECS,,,,,,,
WY,PATHFINDER HILL,KPAT,,,,,,,
WY,PINE BLUFFS MUNI,K82V,,,,,,,
WY,PINEDALE R WENZ,KPNA,,,,,,,
WY,PINEY CREEK,KPIN,,,,,,,
WY,POWELL,KPOY,,,,,,,
WY,PUMPKIN VINE,KPUM,,,,,,,
WY,RAWLINS MUNICIPA,KRWL,,,,,,,
WY,RIM / PINEDALE,KRIM,,,,,,,
WY,RIVERTON,KRIW,,,,,,,
WY,ROCK SPRINGS,KRKS,,,,,,,
WY,SAGE / JUNCTION,KSGE,,,,,,,
WY,SARATOGA,KSAA,,,,,,,
WY,SHERIDAN,KSHR,,,,,,,
WY,SHUTE CREEK,KSHC,,,,,,,
WY,SIBLEY PEAK,KSIB,,,,,,,
WY,SKYLINE,KSKL,,,,,,,
WY,SOUTH PASS,KFWZ,,,,,,,
WY,TEN SLEEP,KJPD,,,,,,,
WY,THERMOPOLIS,KHSG,,,,,,,
WY,TORRINGTON,KTOR,,,,,,,
WY,TOWER FALLS,KTOW,,,,,,,
WY,VEDAUWOO,KVDW,,,,,,,
WY,WARREN AIR BASE,KFEW,,,,,,,
WY,WHEATLAND,KEAN,,,,,,,
WY,WHITAKER,KWTR,,,,,,,
WY,WORLAND,KWRL,,,,,,,
WY,YELLOWSTONE LAKE,KP60,,,,,,,
DC,WASHINGTON/NATL,KDCA,,,,,,,
